document_id,title,categories,category_slugs,author,tags,tag_slugs,download_url,source_page
7739,"“All Tea, No Shade”: Women Band Director Real Talk",Motivation/Inspiration,motivation-inspiration,,2021 TBA Handout,2021-tba-handout,https://texasbandmasters.org/wp-content/uploads/2023/11/2021_Pascasio.pdf,https://texasbandmasters.org/document-library/
7991,“Be Our Guest” Creating Recruiting/Retention Events and Activities,Recruiting/Retention,recruiting-retention,,2023 TBA Handout,2023-tba-handout,https://texasbandmasters.org/wp-content/uploads/2023/10/2023_dixon.pdf,https://texasbandmasters.org/document-library/
9831,“E” Band – Getting The Most Out of Your Web Page,Technology,technology,,2006 TBA Handout,2006-tba-handout,https://texasbandmasters.org/wp-content/uploads/2023/11/2006-doherty1.pdf,https://texasbandmasters.org/document-library/
8696,“Flip” Your Band Hall and Enhance Your Teaching with Meaningful Technology!,Technology,technology,,2016 TBA Handout,2016-tba-handout,https://texasbandmasters.org/wp-content/uploads/2023/11/White-Flip-Your-Bandhall.pdf,https://texasbandmasters.org/document-library/
8043,“Have to” or “Get to” Choosing the Right Perspective,Motivation/Inspiration,motivation-inspiration,,2023 BMR September,2023-bmr-september,https://texasbandmasters.org/wp-content/uploads/2023/10/2023_9_little.pdf,https://texasbandmasters.org/document-library/
8140,"“I Shoulda, Woulda, or Coulda?” Prepare for Your TRS Retirement Now",Health/Wellness,health-wellness,,2022 BMR April,2022-bmr-april,https://texasbandmasters.org/wp-content/uploads/2023/10/2022_4_munsell.pdf,https://texasbandmasters.org/document-library/
8494,"“If You Build It, They Will Come”",Motivation/Inspiration,motivation-inspiration,,2017 BMR December,2017-bmr-december,https://texasbandmasters.org/wp-content/uploads/2023/11/2017-12-sandoval.pdf,https://texasbandmasters.org/document-library/
11751,"“Sharing Your Gift!? (Inspire, it’s soo easy)",Motivation/Inspiration,motivation-inspiration,"Ronnie Rios , Secreatry",2025 BMR April,2025-bmr-april,https://texasbandmasters.org/wp-content/uploads/2026/01/2025_4_Rios.pdf,https://texasbandmasters.org/document-library/
8480,“Simple” Steps to a Fantastic Band,Pedagogy,pedagogy,,2017 BMR April,2017-bmr-april,https://texasbandmasters.org/wp-content/uploads/2023/11/2017-04-sandoval.pdf,https://texasbandmasters.org/document-library/
10664,“Stingers and Ringers” March Interpretation,Conducting/Literature/Artistry; Featured Clinician,conducting-literature-artistry; featured-clinician,,2024 TBA Handout,2024-tba-handout,https://texasbandmasters.org/wp-content/uploads/2024/08/Stingers-and-Ringers-March-Interpretation.pdf,https://texasbandmasters.org/document-library/
7992,"“Tiny Instrument”, Big Impact: Using Mouthpieces and Small Instruments to Address Fundamental Skills",Beginner Band,beginner-band,,2023 TBA Handout,2023-tba-handout,https://texasbandmasters.org/wp-content/uploads/2023/10/2023_williams.pdf,https://texasbandmasters.org/document-library/
9741,“To Heck with the Judges?Let’s Talk about the Music”,Conducting/Literature/Artistry,conducting-literature-artistry,,2007 TBA Handout,2007-tba-handout,https://texasbandmasters.org/wp-content/uploads/2023/11/2007-crider1.pdf,https://texasbandmasters.org/document-library/
9079,“Tune Up!” Getting Your Membranes Ready for the Stage,Pedagogy-Percussion,pedagogy-percussion-2,,2013 BMR April,2013-bmr-april,https://texasbandmasters.org/wp-content/uploads/2023/11/2013-04-ulibarri.pdf,https://texasbandmasters.org/document-library/
9438,"“Yes, and…”",Motivation/Inspiration,motivation-inspiration,,2010 BMR December,2010-bmr-december,https://texasbandmasters.org/wp-content/uploads/2023/11/2010-12-gilmore.pdf,https://texasbandmasters.org/document-library/
8070,10 Out Of 10: Strategies For Developing Purposeful Practice Skills In Your Band Students,Program Management,program-management,,2022 TBA Handout,2022-tba-handout,https://texasbandmasters.org/wp-content/uploads/2023/10/2022_hagy.pdf,https://texasbandmasters.org/document-library/
9256,26 Tips For Quick And Easy Instrument Repair,Program Management,program-management,,2012 TBA Handout,2012-tba-handout,https://texasbandmasters.org/wp-content/uploads/2023/11/2012_frushour.pdf,https://texasbandmasters.org/document-library/
9470,"8:2 A Ratio, a Concept, a Pathway to Improving Beginning Band Instruction",Beginner Band,beginner-band,,2010 BMR September,2010-bmr-september,https://texasbandmasters.org/wp-content/uploads/2023/11/2010-09-teweleit.pdf,https://texasbandmasters.org/document-library/
11780,A “Music First” Fundamental Approach to Marching Band,Marching Band,marching-band,"Kyle Ayoub , Ryan Dutton , Rylon Guidry",2025 TBA Handout,2025-tba-handout,https://texasbandmasters.org/wp-content/uploads/2026/01/A-Music-First-Fundamental-Approach-to-Marching-Band-Clinicians-Rylon-Guidry-Kyle-Ayoub-Ryan-Dutton.pdf,https://texasbandmasters.org/document-library/
9450,A 21st Century Booster Club Can Make a Difference!,Boosters,boosters,,2010 BMR June,2010-bmr-june,https://texasbandmasters.org/wp-content/uploads/2023/11/2010-06-vandewalker.pdf,https://texasbandmasters.org/document-library/
8525,A Band Director’s Approach to Mariachi,Mariachi,mariachi,,2017 TBA Handout,2017-tba-handout,https://texasbandmasters.org/wp-content/uploads/2023/11/Ocampo-Marta-A-Band-Directors-Approach-to-Mariachi.pdf,https://texasbandmasters.org/document-library/
8248,A Band Director’s Toolbox,Pedagogy,pedagogy,,2019 BMR April,2019-bmr-april,https://texasbandmasters.org/wp-content/uploads/2023/11/2019_04_sandoval.pdf,https://texasbandmasters.org/document-library/
12052,A Basic Festival/Contest Preparation Check List,Program Management,program-management,Don Sumwalt,2004 BMR December,2004-bmr-december,https://texasbandmasters.org/wp-content/uploads/2023/11/2004-12-sumwalt1.pdf,https://texasbandmasters.org/document-library/
11760,A Beginner’s Guide to Teaching the Instruments,Beginner Band,beginner-band,"Cynthia Lansford , Robert Herrings III , Taylor Williamson",2025 TBA Handout,2025-tba-handout,https://texasbandmasters.org/wp-content/uploads/2026/01/A-Beginner-s-Guide-to-Teaching-the-Instruments-Clinicians-Robert-Herrings-III-Cynthia-Lansford-Taylor-Williamson.pdf,https://texasbandmasters.org/document-library/
10369,A Blueprint for Selecting Student Leaders,Student Leadership,student-leadership,,2024 BMR April,2024-bmr-april,https://texasbandmasters.org/wp-content/uploads/2024/04/2024_4_Lautzenheiser.pdf,https://texasbandmasters.org/document-library/
8482,A Composer You Should Be Playing: Jess Langston Turner’s Music For Wind Band,Composer,composer,,2017 BMR April,2017-bmr-april,https://texasbandmasters.org/wp-content/uploads/2023/11/2017-04-anglley.pdf,https://texasbandmasters.org/document-library/
8781,A Comprehensive Approach to Teaching Beginners: the Tall and Short of It,Beginner Band,beginner-band,,2015 TBA Handout,2015-tba-handout,https://texasbandmasters.org/wp-content/uploads/2023/11/2015_brown.pdf,https://texasbandmasters.org/document-library/
11705,A Convention That I Will Never Forget,General,general,George Little,2024 BMR September,2024-bmr-september,https://texasbandmasters.org/wp-content/uploads/2026/01/2024_9_Little.pdf,https://texasbandmasters.org/document-library/
8071,A Conversation with the Midwest 2021 Middle School Directors: The Non-Negotiables for a Successful Middle School Band Program,Program Management,program-management,,2022 TBA Handout,2022-tba-handout,https://texasbandmasters.org/wp-content/uploads/2023/10/2022_bergeron.pdf,https://texasbandmasters.org/document-library/
8527,A Culture of Excellence in the Small School Band Program: Building Depth through Vertical Alignment and Team Teaching,Small School,small-school,,2017 TBA Handout,2017-tba-handout,https://texasbandmasters.org/wp-content/uploads/2023/11/Fletcher-Evan-Johnson-Kathy-A-Culture-of-Excellence-in-the-Small-School-Band-Program.pdf,https://texasbandmasters.org/document-library/
11810,A Decade of Collaboration: Empowering Non-Varsity Bands for Long-Term Success,Pedagogy,pedagogy,"Mark Schroeder , Stephen Lisko",2025 TBA Handout,2025-tba-handout,https://texasbandmasters.org/wp-content/uploads/2026/01/A-Decade-of-Collaboration-Empowering-Non-Varsity-Bands-for-Long-Term-Success-Clinicians-Stephen-Lisko-Mark-Schroeder.pdf,https://texasbandmasters.org/document-library/
11800,A Deep Dive into Bridgeland Percussion,Marching Percussion,marching-percussion-2,"Chris Nguyen , Joel McAda",2025 TBA Handout,2025-tba-handout,https://texasbandmasters.org/wp-content/uploads/2026/01/A-Deep-Dive-into-Bridgeland-Percussion-Clinicians-Joel-McAda-Chris-Nguyen.pdf,https://texasbandmasters.org/document-library/
9833,A Demonstration Of The Practical Use of Ensemble Concepts,Pedagogy-Ensemble,pedagogy-ensemble-2,,2006 TBA Handout,2006-tba-handout,https://texasbandmasters.org/wp-content/uploads/2023/11/2006-greenbenzer.pdf,https://texasbandmasters.org/document-library/
7993,A Director’s Guide to Modern Band Visuals: 5 Skills You Can Build Your Whole Show Off Of,Marching Band,marching-band,,2023 TBA Handout,2023-tba-handout,https://texasbandmasters.org/wp-content/uploads/2023/10/2023_rosales.pdf,https://texasbandmasters.org/document-library/
8971,A Few Random Thoughts About Band,Pedagogy,pedagogy,,2014 BMR September,2014-bmr-september,https://texasbandmasters.org/wp-content/uploads/2023/11/2014-09-garner.pdf,https://texasbandmasters.org/document-library/
7994,A Jazz Rehearsal Snapshot,Jazz,jazz,,2023 TBA Handout,2023-tba-handout,https://texasbandmasters.org/wp-content/uploads/2023/10/2023_coronado.pdf,https://texasbandmasters.org/document-library/
10139,A Jazz Rehearsal Snapshot,Jazz,jazz,,2024 BMR January,2024-bmr-january,https://texasbandmasters.org/wp-content/uploads/2024/01/2024_1_coronado.pdf,https://texasbandmasters.org/document-library/
8676,A Learning Approach to Marimba Performance,Pedagogy-Percussion,pedagogy-percussion-2,,2016 BMR December,2016-bmr-december,https://texasbandmasters.org/wp-content/uploads/2023/11/2016-12-zator.pdf,https://texasbandmasters.org/document-library/
8133,A Look Back at One of TBA’s Traditions: THE TBA BBQ,Band History,band-history,,2022 BMR June,2022-bmr-june,https://texasbandmasters.org/wp-content/uploads/2023/10/2022_6_brashear_bbq.pdf,https://texasbandmasters.org/document-library/
8888,A Marketing Vision For Your Band Program,General,general,,2015 BMR December,2015-bmr-december,https://texasbandmasters.org/wp-content/uploads/2023/11/2015-12-morrison.pdf,https://texasbandmasters.org/document-library/
12082,"A Military March, A Percussion Section’s Interpretation",Pedagogy-Percussion,pedagogy-percussion-2,Staff Sergeant David Paroby,2004 BMR March,2004-bmr-march,https://texasbandmasters.org/wp-content/uploads/2023/11/2004-03-paroby1.pdf,https://texasbandmasters.org/document-library/
7839,A Musician’s Guide to Avoiding Injury,Health/Wellness,health-wellness,,2021 BMR April,2021-bmr-april,https://texasbandmasters.org/wp-content/uploads/2023/11/2021_4_mclerran.pdf,https://texasbandmasters.org/document-library/
8383,A New Wrinkle on an Old Idea: Using Diamonds to Balance Your Ensemble,Pedagogy-Ensemble,pedagogy-ensemble-2,,2018 TBA Handout,2018-tba-handout,https://texasbandmasters.org/wp-content/uploads/2023/11/A-New-Wrinkle-on-an-Old-Idea-Using-Diamonds-to-Balance-Your-Ensemble-Davis.pdf,https://texasbandmasters.org/document-library/
9377,A Positive Attitude: the Key to Teacher Success,Motivation/Inspiration,motivation-inspiration,,2011 BMR June,2011-bmr-june,https://texasbandmasters.org/wp-content/uploads/2023/11/2011-6-lautzenheiser.pdf,https://texasbandmasters.org/document-library/
8783,A Practical Approach to Beginner Saxophone from Three Perspectives,Pedagogy-Woodwind,pedagogy-woodwind-2,,2015 TBA Handout,2015-tba-handout,https://texasbandmasters.org/wp-content/uploads/2023/11/2015_matschek.pdf,https://texasbandmasters.org/document-library/
7907,A Sequential Approach to Beginning Woodwinds,Beginner Band,beginner-band,,2020 TBA Handout,2020-tba-handout,https://texasbandmasters.org/wp-content/uploads/2023/11/2020_chilton.pdf,https://texasbandmasters.org/document-library/
8669,A Spotlight On . . . Band Boosters,Boosters,boosters,,2016 BMR April,2016-bmr-april,https://texasbandmasters.org/wp-content/uploads/2023/11/2016-04-wells.pdf,https://texasbandmasters.org/document-library/
11966,"A Straightfrward Aproach Toward Teaching, Developing, and Maintaining Solid Marching Technique",Marching Band,marching-band,Frank Troyka,2003 TBA Handout,2003-tba-handout,https://texasbandmasters.org/wp-content/uploads/2026/01/2003-troyka1.pdf,https://texasbandmasters.org/document-library/
8155,A Successful and Rewarding Career in a School of “Few A’s” in a Town With No Walmart Why? How?,Small School,small-school,,2019 TBA Handout,2019-tba-handout,https://texasbandmasters.org/wp-content/uploads/2023/11/A-Successful-and-Rewarding-Career-in-a-School-of-Few-A-s-and-No-Walmart-Charles-Trayler-Matt-Knight-Jim-Rhodes.pdf,https://texasbandmasters.org/document-library/
9380,A Systematic Approach to Assigning Students to Marching Positions,Marching Band,marching-band,,2011 BMR June,2011-bmr-june,https://texasbandmasters.org/wp-content/uploads/2023/11/2011-6-millican.pdf,https://texasbandmasters.org/document-library/
9391,A Systematic Approach to Musicality for Brass Players,Pedagogy-Brass,pedagogy-brass-2,,2011 TBA Handout,2011-tba-handout,https://texasbandmasters.org/wp-content/uploads/2023/11/2011_thurman.pdf,https://texasbandmasters.org/document-library/
9126,A Teachers Guide to a Happier Tuba Section,Pedagogy-Brass,pedagogy-brass-2,,2013 TBA Handout,2013-tba-handout,https://texasbandmasters.org/wp-content/uploads/2023/11/2013_murrow.pdf,https://texasbandmasters.org/document-library/
8698,A Team Approach to a Successful Marching Program,Marching Band,marching-band,,2016 TBA Handout,2016-tba-handout,https://texasbandmasters.org/wp-content/uploads/2023/11/Wessels-VanDoren-Robb-Sullivan-A-Team-Approach-to-Teaching-a-Successful-Marching-Band.pdf,https://texasbandmasters.org/document-library/
8385,A Team Approach to Teaching a Successful Marching Band,Marching Band,marching-band,,2018 TBA Handout,2018-tba-handout,https://texasbandmasters.org/wp-content/uploads/2023/11/A-Team-Approach-to-Teaching-a-Successful-Marching-Band-Wessels-VanDoren-Yee.pdf,https://texasbandmasters.org/document-library/
8387,A Tonal Obsession – Pursuing the Perfection of our Musical Voice,Title I,title-i,,2018 TBA Handout,2018-tba-handout,https://texasbandmasters.org/wp-content/uploads/2023/11/A-Tonal-Obsession-Pursuing-the-Perfection-of-our-Musical-Voice-Goforth.pdf,https://texasbandmasters.org/document-library/
7741,A View from Both Sides of the Fence! HS and MS Directors Working Together to Get Kids to the Next Step: High School Band,Recruiting/Retention,recruiting-retention,,2021 TBA Handout,2021-tba-handout,https://texasbandmasters.org/wp-content/uploads/2023/11/2021_Lipman-Rosenberg.pdf,https://texasbandmasters.org/document-library/
8072,A Young Person’s Guide to Music Selection and Score Study,Pedagogy-Ensemble,pedagogy-ensemble-2,,2022 TBA Handout,2022-tba-handout,https://texasbandmasters.org/wp-content/uploads/2023/10/2022_lansford.pdf,https://texasbandmasters.org/document-library/
9743,A Young Teacher’s Guide,General,general,,2007 TBA Handout,2007-tba-handout,https://texasbandmasters.org/wp-content/uploads/2023/11/2007-velez1.pdf,https://texasbandmasters.org/document-library/
9927,Academy Winds,Conducting/Literature/Artistry,conducting-literature-artistry,,2005 TBA Handout,2005-tba-handout,https://texasbandmasters.org/wp-content/uploads/2023/11/2005-academywinds1.pdf,https://texasbandmasters.org/document-library/
12053,Accessing the Information Sources,Motivation/Inspiration,motivation-inspiration,Dr. Tim Lautzenheiser,2004 BMR December,2004-bmr-december,https://texasbandmasters.org/wp-content/uploads/2023/11/2004-12-lautzenheiser1.pdf,https://texasbandmasters.org/document-library/
9241,Achieving Maximum Potential With Minimal Time: Effective Strategies for Marching Band,Marching Band,marching-band,,2012 BMR September,2012-bmr-september,https://texasbandmasters.org/wp-content/uploads/2023/11/2012-09-chreste.pdf,https://texasbandmasters.org/document-library/
9645,Achieving Outstanding Student Results through Positive Methods,Motivation/Inspiration,motivation-inspiration,,2008 TBA Handout,2008-tba-handout,https://texasbandmasters.org/wp-content/uploads/2023/11/2008-shinsanto1-1.pdf,https://texasbandmasters.org/document-library/
8157,Achieving Success with the Beginner Guard Program,Marching Guard,marching-guard-2,,2019 TBA Handout,2019-tba-handout,https://texasbandmasters.org/wp-content/uploads/2023/11/Achieving-Success-with-the-Beginner-Guard-Program-Erin-Kosman.pdf,https://texasbandmasters.org/document-library/
7909,Adaptable Music in the Wake of the Pandemic,Conducting/Literature/Artistry,conducting-literature-artistry,,2020 TBA Handout,2020-tba-handout,https://texasbandmasters.org/wp-content/uploads/2023/11/2020_ticheli.pdf,https://texasbandmasters.org/document-library/
7911,Adapting Your Show For The New Reality: Pleasing The Crowd That’s There,Marching Band,marching-band,,2020 TBA Handout,2020-tba-handout,https://texasbandmasters.org/wp-content/uploads/2023/11/2020_brumley.pdf,https://texasbandmasters.org/document-library/
8700,Adding Gadgets to Your Rehearsals,Technology,technology,,2016 TBA Handout,2016-tba-handout,https://texasbandmasters.org/wp-content/uploads/2023/11/Giovanoni-Perez-Adding-Gadgets-to-Your-Rehearsals.pdf,https://texasbandmasters.org/document-library/
12334,Adjudicators x Directors – A Partnership for Progress,General,general,"Amanda Drinkwater , Vice President",2026 BMR April,2026-bmr-april,,https://texasbandmasters.org/document-library/
9128,Advanced Performance Techniques for Trumpet/High Brass,Pedagogy-Brass,pedagogy-brass-2,,2013 TBA Handout,2013-tba-handout,https://texasbandmasters.org/wp-content/uploads/2023/11/2013_anderson.pdf,https://texasbandmasters.org/document-library/
9745,Advanced Bassoon Pedagogy,Pedagogy-Woodwind,pedagogy-woodwind-2,,2007 TBA Handout,2007-tba-handout,https://texasbandmasters.org/wp-content/uploads/2023/11/2007-perkins1.pdf,https://texasbandmasters.org/document-library/
9747,Advanced Clarinet Pedagogy,Pedagogy-Woodwind,pedagogy-woodwind-2,,2007 TBA Handout,2007-tba-handout,https://texasbandmasters.org/wp-content/uploads/2023/11/2007-drew1.pdf,https://texasbandmasters.org/document-library/
8984,Advanced Ensemble Skill Development for a Successful Band,Pedagogy-Ensemble,pedagogy-ensemble-2,,2014 TBA Handout,2014-tba-handout,https://texasbandmasters.org/wp-content/uploads/2023/11/Bennett-Advanced-Ens-Skill-Development.pdf,https://texasbandmasters.org/document-library/
9749,Advanced Flute Pedagogy,Pedagogy-Woodwind,pedagogy-woodwind-2,,2007 TBA Handout,2007-tba-handout,https://texasbandmasters.org/wp-content/uploads/2023/11/2007-daniel2.pdf,https://texasbandmasters.org/document-library/
12141,Advanced Marching Fundamentals Part 1 & 2,Marching Band,marching-band,"Bill Watson , Jed Weeks , Mikel Burress",2004 TBA Handout,2004-tba-handout,https://texasbandmasters.org/wp-content/uploads/2023/11/2004-watson1.pdf,https://texasbandmasters.org/document-library/
9751,Advanced Percussion/Keyboard Pedagogy,Pedagogy-Percussion,pedagogy-percussion-2,,2007 TBA Handout,2007-tba-handout,https://texasbandmasters.org/wp-content/uploads/2023/11/2007-crutchfield1.pdf,https://texasbandmasters.org/document-library/
9753,Advanced Trombone Pedagogy,Pedagogy-Brass,pedagogy-brass-2,,2007 TBA Handout,2007-tba-handout,https://texasbandmasters.org/wp-content/uploads/2023/11/2007-wilson1.pdf,https://texasbandmasters.org/document-library/
9755,Advanced Trumpet Pedagogy,Pedagogy-Brass,pedagogy-brass-2,,2007 TBA Handout,2007-tba-handout,https://texasbandmasters.org/wp-content/uploads/2023/11/2007-griffin1.pdf,https://texasbandmasters.org/document-library/
9757,Advanced Tuba Technology,Pedagogy-Brass,pedagogy-brass-2,,2007 TBA Handout,2007-tba-handout,https://texasbandmasters.org/wp-content/uploads/2023/11/2007-tracy1.pdf,https://texasbandmasters.org/document-library/
8044,Advice to New Teachers – NEVER FORGET,Motivation/Inspiration,motivation-inspiration,,2023 BMR September,2023-bmr-september,https://texasbandmasters.org/wp-content/uploads/2023/10/2023_9_floyd.pdf,https://texasbandmasters.org/document-library/
12061,Advice to Parents of Talented Young Clarinetists,Beginner Band,beginner-band,Stanley Geidel,2004 BMR September,2004-bmr-september,https://texasbandmasters.org/wp-content/uploads/2023/11/2004-09-garber1.pdf,https://texasbandmasters.org/document-library/
9912,Advocacy: Use It or Lose It,General,general,,2005 BMR September,2005-bmr-september,https://texasbandmasters.org/wp-content/uploads/2023/11/2005-09-gourley1.pdf,https://texasbandmasters.org/document-library/
8389,Aligning the Elements For A Successful Mariachi Program,Mariachi,mariachi,,2018 TBA Handout,2018-tba-handout,https://texasbandmasters.org/wp-content/uploads/2023/11/Aligning-the-Elements-for-a-Successful-Mariachi-Program-Ferrer-Garcia-Sital.pdf,https://texasbandmasters.org/document-library/
9101,All Kids Can Learn and We Can Teach Them . . . Together!,Pedagogy,pedagogy,,2013 BMR June,2013-bmr-june,https://texasbandmasters.org/wp-content/uploads/2023/11/2013-06-jackson.pdf,https://texasbandmasters.org/document-library/
9130,"All Kids Can Learn, and We Can Teach Them–Together Part 1 “Let’s Wrap Our Brains Around That”",Motivation/Inspiration,motivation-inspiration,,2013 TBA Handout,2013-tba-handout,https://texasbandmasters.org/wp-content/uploads/2023/11/2013_jackson_pineda_weak_1.pdf,https://texasbandmasters.org/document-library/
9132,"All Kids Can Learn, and We Can Teach Them–Together Part 2 Pedagogy and Curriculum",Pedagogy,pedagogy,,2013 TBA Handout,2013-tba-handout,https://texasbandmasters.org/wp-content/uploads/2023/11/2013_jackson_pineda_weak_2.pdf,https://texasbandmasters.org/document-library/
9134,All Staters: An Individualized Approach to Their Success,Pedagogy,pedagogy,,2013 TBA Handout,2013-tba-handout,https://texasbandmasters.org/wp-content/uploads/2023/11/2013_lambrecht.pdf,https://texasbandmasters.org/document-library/
8324,Alto Saxophone – To the Side or Between the Legs,Pedagogy-Woodwind,pedagogy-woodwind-2,,2018 BMR April,2018-bmr-april,https://texasbandmasters.org/wp-content/uploads/2023/11/2018-04-postma.pdf,https://texasbandmasters.org/document-library/
9706,An Educator’s Guide: Teaching Effective Sightreading on Mallet Instruments,Pedagogy-Percussion,pedagogy-percussion-2,,2007 BMR March,2007-bmr-march,https://texasbandmasters.org/wp-content/uploads/2023/11/2007-03-lane1.pdf,https://texasbandmasters.org/document-library/
12335,An Interview with Randall Standridge-TBA Featured Composer,Featured Clinician,featured-clinician,Randall Standridge,2026 BMR April,2026-bmr-april,,https://texasbandmasters.org/document-library/
9758,An Introduction To Foundations For Superior Performance,Pedagogy-Ensemble,pedagogy-ensemble-2,,2007 TBA Handout,2007-tba-handout,https://texasbandmasters.org/wp-content/uploads/2023/11/2007-king1.pdf,https://texasbandmasters.org/document-library/
8702,An Overview of Military Drill Design,Marching Band,marching-band,,2016 TBA Handout,2016-tba-handout,https://texasbandmasters.org/wp-content/uploads/2023/11/Rhea-Almany-An-Overview-of-Military-Drill-Design.pdf,https://texasbandmasters.org/document-library/
8514,And So It Will Be…,Motivation/Inspiration,motivation-inspiration,,2017 BMR September,2017-bmr-september,https://texasbandmasters.org/wp-content/uploads/2023/11/2017-09-lautzenheiser.pdf,https://texasbandmasters.org/document-library/
9854,Answering the Call,Motivation/Inspiration,motivation-inspiration,,2005 BMR December,2005-bmr-december,https://texasbandmasters.org/wp-content/uploads/2023/11/2005-12-dowdy1.pdf,https://texasbandmasters.org/document-library/
8159,Anticipate Success: Cultivating Excellence & Culture Through a Procedure Based System,Pedagogy-Ensemble,pedagogy-ensemble-2,,2019 TBA Handout,2019-tba-handout,https://texasbandmasters.org/wp-content/uploads/2023/11/Anticipate-Success-Cultivating-Excellence-and-Culture-Through-a-Procedure-Based-System-Dixon-Schroeder.pdf,https://texasbandmasters.org/document-library/
8134,Are You Booster-Wise?,Boosters,boosters,,2022 BMR June,2022-bmr-june,https://texasbandmasters.org/wp-content/uploads/2023/10/2022_6_vandewalker.pdf,https://texasbandmasters.org/document-library/
9233,Are You Developing Leadership Or Just Picking Leaders?,Student Leadership,student-leadership,,2012 BMR June,2012-bmr-june,https://texasbandmasters.org/wp-content/uploads/2023/11/2012-06-kick.pdf,https://texasbandmasters.org/document-library/
8785,Are You Ready for UIL Contest?,Pedagogy-Ensemble,pedagogy-ensemble-2,,2015 TBA Handout,2015-tba-handout,https://texasbandmasters.org/wp-content/uploads/2023/11/2015_benzer.pdf,https://texasbandmasters.org/document-library/
8890,Are You Ready for UIL Contest?,Pedagogy,pedagogy,,2015 BMR December,2015-bmr-december,https://texasbandmasters.org/wp-content/uploads/2023/11/2015-12-benzer.pdf,https://texasbandmasters.org/document-library/
9892,Are You Studying Everything? You Must Be Prepared to Cover It All,General,general,,2005 BMR March,2005-bmr-march,https://texasbandmasters.org/wp-content/uploads/2023/11/2005-03-sharrock1.pdf,https://texasbandmasters.org/document-library/
9503,Arranging for the Jazz Combo,Jazz,jazz,,2010 TBA Handout,2010-tba-handout,https://texasbandmasters.org/wp-content/uploads/2023/11/2010-berg.pdf,https://texasbandmasters.org/document-library/
8326,Artist Teachers,Conducting/Literature/Artistry,conducting-literature-artistry,,2018 BMR April,2018-bmr-april,https://texasbandmasters.org/wp-content/uploads/2023/11/2018-04-floyd.pdf,https://texasbandmasters.org/document-library/
8986,"Artist, Educator, Administrator: So Many Hats, So Little Time!",Motivation/Inspiration,motivation-inspiration,,2014 TBA Handout,2014-tba-handout,https://texasbandmasters.org/wp-content/uploads/2023/11/2014_menghini.pdf,https://texasbandmasters.org/document-library/
9914,Ask Professor Osland,Pedagogy-Woodwind,pedagogy-woodwind-2,,2005 BMR September,2005-bmr-september,https://texasbandmasters.org/wp-content/uploads/2023/11/2005-09-osland1.pdf,https://texasbandmasters.org/document-library/
8391,"Assessing Students in the Cloud-Any Time, Anywhere, Any Device",Technology,technology,,2018 TBA Handout,2018-tba-handout,https://texasbandmasters.org/wp-content/uploads/2023/11/Assessing-Students-in-the-Cloud-Any-Time-Anywhere-Any-Device-Dye.pdf,https://texasbandmasters.org/document-library/
8393,Assessment for Any Music Program with MusicFirst: Be Your Own Best Advocate,Program Management,program-management,,2018 TBA Handout,2018-tba-handout,https://texasbandmasters.org/wp-content/uploads/2023/11/Assessment-for-Any-Music-Program-with-MusicFirst-Prod-Showcase-Dye-Coachman.pdf,https://texasbandmasters.org/document-library/
8704,Assessment With a Purpose: Improving Your Students’ Sightreading and Music Literacy Skills,Pedagogy-Ensemble,pedagogy-ensemble-2,,2016 TBA Handout,2016-tba-handout,https://texasbandmasters.org/wp-content/uploads/2023/11/Huckeby-Assessment-With-a-Purpose.pdf,https://texasbandmasters.org/document-library/
9806,Attitude Developement: An Idea Whose Time Has Come,Motivation/Inspiration,motivation-inspiration,,2006 BMR March,2006-bmr-march,https://texasbandmasters.org/wp-content/uploads/2023/11/2006-03-lautzenheiser1.pdf,https://texasbandmasters.org/document-library/
9243,Audition Tips For Success,Pedagogy,pedagogy,,2012 BMR September,2012-bmr-september,https://texasbandmasters.org/wp-content/uploads/2023/11/2012-09-lansford.pdf,https://texasbandmasters.org/document-library/
8484,Avoid the Breakdowns,General,general,,2017 BMR April,2017-bmr-april,https://texasbandmasters.org/wp-content/uploads/2023/11/2017-04-morrison.pdf,https://texasbandmasters.org/document-library/
8529,Avoiding Director Burn Out & Conquering Stress,Health/Wellness,health-wellness,,2017 TBA Handout,2017-tba-handout,https://texasbandmasters.org/wp-content/uploads/2023/11/Haynes-Don-Avoiding-Director-Burn-Out-and-Conquering-Stress.pdf,https://texasbandmasters.org/document-library/
8395,"Avoiding Trouble at Work – Understanding the Ins and Outs of Finances, Hiring, and Administrative Expectations",Program Management,program-management,,2018 TBA Handout,2018-tba-handout,https://texasbandmasters.org/wp-content/uploads/2023/11/Avoiding-Trouble-at-Work-King-Myers-Warshaw.pdf,https://texasbandmasters.org/document-library/
7995,"Back to Basics, How to Get Your Small School Band to the Next Level",Small School,small-school,,2023 TBA Handout,2023-tba-handout,https://texasbandmasters.org/wp-content/uploads/2023/10/2023_boyce.pdf,https://texasbandmasters.org/document-library/
10585,Back to the Future! Planning with the End in Mind,Program Management,program-management,,2024 TBA Handout,2024-tba-handout,https://texasbandmasters.org/wp-content/uploads/2024/08/Back-to-the-Future-Planning-with-the-End-in-Mind.pdf,https://texasbandmasters.org/document-library/
10371,Back to the Future! Planning with the End in Mind,Program Management,program-management,,2024 BMR April,2024-bmr-april,https://texasbandmasters.org/wp-content/uploads/2024/04/2024_4_Hummell.pdf,https://texasbandmasters.org/document-library/
8706,Balancing a Better Body For a Better You,Health/Wellness,health-wellness,,2016 TBA Handout,2016-tba-handout,https://texasbandmasters.org/wp-content/uploads/2023/11/Bradford-Cude-Balancing-a-Better-Body-For-a-Better-You.pdf,https://texasbandmasters.org/document-library/
8062,BALANCING ACT: In My Shoes,Health/Wellness,health-wellness,,2023 BMR April,2023-bmr-april,https://texasbandmasters.org/wp-content/uploads/2023/10/2023_4_dillard.pdf,https://texasbandmasters.org/document-library/
8973,Balancing Your Band and Your Life,Health/Wellness,health-wellness,,2014 BMR September,2014-bmr-september,https://texasbandmasters.org/wp-content/uploads/2023/11/2014-09-kick.pdf,https://texasbandmasters.org/document-library/
8290,Balancing Your Band With Your Personal Life,Health/Wellness,health-wellness,,2019 BMR September,2019-bmr-september,https://texasbandmasters.org/wp-content/uploads/2023/11/2019_09_kick.pdf,https://texasbandmasters.org/document-library/
8328,Band Benefits . . . and More!,Motivation/Inspiration,motivation-inspiration,,2018 BMR April,2018-bmr-april,https://texasbandmasters.org/wp-content/uploads/2023/11/2018-04-lautzenheiser.pdf,https://texasbandmasters.org/document-library/
10141,Band Contests and Band Director Self-Worth: What is the Balance?,Health/Wellness; Motivation/Inspiration,health-wellness; motivation-inspiration,,2024 BMR January,2024-bmr-january,https://texasbandmasters.org/wp-content/uploads/2024/01/2024_1_Brumley.pdf,https://texasbandmasters.org/document-library/
10587,Band Director Team Building: Harmonizing Leadership for Musical Success,General,general,,2024 TBA Handout,2024-tba-handout,https://texasbandmasters.org/wp-content/uploads/2024/08/Band-Director-Team-Building-Harmonizing-Leadership-for-Musical-Success.pdf,https://texasbandmasters.org/document-library/
8073,Band Directors Wear Many Hats: Let Technology Help You Manage the Load and Save Time,Technology,technology,,2022 TBA Handout,2022-tba-handout,https://texasbandmasters.org/wp-content/uploads/2023/10/2022_hargreaves.pdf,https://texasbandmasters.org/document-library/
11812,"Band Directors Who Stay Together, Slay Together",Health/Wellness,health-wellness,"Adrian Teti , Cori Swan , Jessica Gonzales",2025 TBA Handout,2025-tba-handout,https://texasbandmasters.org/wp-content/uploads/2026/01/Band-Directors-Who-Stay-Together-Slay-Together-Clinicians-Jessica-Gonzales-Cori-Swan-Adrian-Teti.pdf,https://texasbandmasters.org/document-library/
8370,Band Directors: Difference-Makers At the Highest Level,Motivation/Inspiration,motivation-inspiration,,2018 BMR September,2018-bmr-september,https://texasbandmasters.org/wp-content/uploads/2023/11/2018-09-lautzenheiser.pdf,https://texasbandmasters.org/document-library/
11802,Band Fundamentals for Small and Large Schools,Pedagogy-Ensemble,pedagogy-ensemble-2,Jeff King,2025 TBA Handout,2025-tba-handout,https://texasbandmasters.org/wp-content/uploads/2026/01/Band-Fundamentals-for-Small-and-Large-Schools-Clinician-Jeff-King.pdf,https://texasbandmasters.org/document-library/
11948,Band Organization,Program Management,program-management,Scott McAdow,2003 TBA Handout,2003-tba-handout,https://texasbandmasters.org/wp-content/uploads/2026/01/2003-mcadow1.pdf,https://texasbandmasters.org/document-library/
7996,"Band Together! Enlisting, Enriching and Engaging Your Students",Recruiting/Retention,recruiting-retention,,2023 TBA Handout,2023-tba-handout,https://texasbandmasters.org/wp-content/uploads/2023/10/2023_davis.pdf,https://texasbandmasters.org/document-library/
7841,Banding Together with Your Community,Program Management,program-management,,2021 BMR April,2021-bmr-april,https://texasbandmasters.org/wp-content/uploads/2023/11/2021_4_vandewalker.pdf,https://texasbandmasters.org/document-library/
8988,Basic Fundamentals for a Successful Band,Pedagogy-Ensemble,pedagogy-ensemble-2,,2014 TBA Handout,2014-tba-handout,https://texasbandmasters.org/wp-content/uploads/2023/11/Bennett-Basic-Fundamentals-for-a-Successful-Band.pdf,https://texasbandmasters.org/document-library/
8990,"Basic Knowledge of Audio Physics, Wireless Mics and Sound Systems",Technology,technology,,2014 TBA Handout,2014-tba-handout,https://texasbandmasters.org/wp-content/uploads/2023/11/Stith-Basic-Knowledge-of-Audio-Physics.pdf,https://texasbandmasters.org/document-library/
10143,Basics and Musicianship,Pedagogy-Ensemble,pedagogy-ensemble-2,,2024 BMR January,2024-bmr-january,https://texasbandmasters.org/wp-content/uploads/2024/01/2024_1_mcintruf.pdf,https://texasbandmasters.org/document-library/
7997,Basics of Balance,Pedagogy-Ensemble,pedagogy-ensemble-2,,2023 TBA Handout,2023-tba-handout,https://texasbandmasters.org/wp-content/uploads/2023/10/2023_countryman.pdf,https://texasbandmasters.org/document-library/
10145,Basics of Balance From the Individual to the Full Ensemble,Pedagogy-Ensemble,pedagogy-ensemble-2,,2024 BMR January,2024-bmr-january,https://texasbandmasters.org/wp-content/uploads/2024/01/2024_1_countryman.pdf,https://texasbandmasters.org/document-library/
8342,Be Thankful and Pay it Forwad,Motivation/Inspiration,motivation-inspiration,,2018 BMR December,2018-bmr-december,https://texasbandmasters.org/wp-content/uploads/2023/11/2018-12-clements.pdf,https://texasbandmasters.org/document-library/
8262,Become the Expert,Pedagogy,pedagogy,,2019 BMR December,2019-bmr-december,https://texasbandmasters.org/wp-content/uploads/2023/11/2019_12_sandoval.pdf,https://texasbandmasters.org/document-library/
9819,Before the Downbeat,Pedagogy,pedagogy,,2006 BMR September,2006-bmr-september,https://texasbandmasters.org/wp-content/uploads/2023/11/2006-09-dierolf1.pdf,https://texasbandmasters.org/document-library/
8787,Before You Go to Contest and Before You See the Judges..Who You Gonna Call? BAND DOCTORS!,Pedagogy-Ensemble,pedagogy-ensemble-2,,2015 TBA Handout,2015-tba-handout,https://texasbandmasters.org/wp-content/uploads/2023/11/2015_lambrecht.pdf,https://texasbandmasters.org/document-library/
11804,"Before, Besides, and Beyond Basics",Pedagogy-Ensemble,pedagogy-ensemble-2,Brian Merrill,2025 TBA Handout,2025-tba-handout,https://texasbandmasters.org/wp-content/uploads/2026/01/Before-Besides-and-Beyond-Basics-Clinician-Brian-Merrill.pdf,https://texasbandmasters.org/document-library/
8670,Begin with the Beginning in Mind,Pedagogy,pedagogy,,2016 BMR April,2016-bmr-april,https://texasbandmasters.org/wp-content/uploads/2023/11/2016-04-portillo.pdf,https://texasbandmasters.org/document-library/
8531,Beginner Band: The First Six Weeks,Beginner Band,beginner-band,,2017 TBA Handout,2017-tba-handout,https://texasbandmasters.org/wp-content/uploads/2023/11/Kalisek-Sharon-Meredith-Chris-Vogt-Williams-Darcy-Beginner-Band-The-First-Six-Weeks.pdf,https://texasbandmasters.org/document-library/
11774,Beginner Bassoon and Oboe,Beginner Band-Woodwind,beginner-band-woodwind-2,"Dr. Jennifer Auerbach , Sally Bohls",2025 TBA Handout,2025-tba-handout,https://texasbandmasters.org/wp-content/uploads/2026/01/Beginner-Bassoon-and-Oboe-Clinicians-Dr.-Jennifer-Auerbach-Sally-Bohls.pdf,https://texasbandmasters.org/document-library/
8397,Beginner Bassoon Toolbox-A Guide to Starting Successful Bassoonists,Beginner Band-Woodwind,beginner-band-woodwind-2,,2018 TBA Handout,2018-tba-handout,https://texasbandmasters.org/wp-content/uploads/2023/11/Beginner-Bassoon-Toolbox-Chappell-Quintanar-Sebesta.pdf,https://texasbandmasters.org/document-library/
8399,Beginner Horn Show and Tell,Beginner Band-Brass,beginner-band-brass-2,,2018 TBA Handout,2018-tba-handout,https://texasbandmasters.org/wp-content/uploads/2023/11/Beginner-Horn-Show-and-Tell-Laurel-Moore.pdf,https://texasbandmasters.org/document-library/
7998,Beginner Percussion – So…You wanna be a drummer?!?!,Beginner Band-Percussion,beginner-band-percussion-2,,2023 TBA Handout,2023-tba-handout,https://texasbandmasters.org/wp-content/uploads/2023/10/2023_hinojosa.pdf,https://texasbandmasters.org/document-library/
11776,Beginner Percussion – The Most Important Class of the Day!,Beginner Band-Percussion,beginner-band-percussion-2,"Hector Gil , Kennan Wylie",2025 TBA Handout,2025-tba-handout,https://texasbandmasters.org/wp-content/uploads/2026/01/Beginner-Percussion-The-Most-Important-Class-of-the-Day-Clinicians-Hector-Gil-Kennan-Wylie.pdf,https://texasbandmasters.org/document-library/
9647,Beginner Saxophone,Beginner Band-Woodwind,beginner-band-woodwind-2,,2008 TBA Handout,2008-tba-handout,https://texasbandmasters.org/wp-content/uploads/2023/11/2008-east1.pdf,https://texasbandmasters.org/document-library/
8533,Beginner Saxophone: Don’t Let Your Whispers Be Careless,Beginner Band-Woodwind,beginner-band-woodwind-2,,2017 TBA Handout,2017-tba-handout,https://texasbandmasters.org/wp-content/uploads/2023/11/Guidry-Rylon-Lien-Kelsey-Williams-Gary-Beginner-Saxophone-Dont-Let-Your-Whispers-Be-Careless.pdf,https://texasbandmasters.org/document-library/
8074,Beginner Saxophone: Lightly Row to Lincolnshire Posy,Beginner Band-Woodwind,beginner-band-woodwind-2,,2022 TBA Handout,2022-tba-handout,https://texasbandmasters.org/wp-content/uploads/2023/10/2022_aguilar.pdf,https://texasbandmasters.org/document-library/
10589,Beginner Timelines,Beginner Band,beginner-band,,2024 TBA Handout,2024-tba-handout,https://texasbandmasters.org/wp-content/uploads/2024/08/Beginner-Timelines.pdf,https://texasbandmasters.org/document-library/
9136,Beginning Band Basics With the Breathing Gym and Scale & Rhythm Chunks,Beginner Band,beginner-band,,2013 TBA Handout,2013-tba-handout,https://texasbandmasters.org/wp-content/uploads/2023/11/2013_canter_sheridan.pdf,https://texasbandmasters.org/document-library/
10591,Beginning Band Building Blocks,Beginner Band,beginner-band,,2024 TBA Handout,2024-tba-handout,https://texasbandmasters.org/wp-content/uploads/2024/08/Beginning-Band-Building-Blocks.pdf,https://texasbandmasters.org/document-library/
9581,Beginning Band Objectives,Beginner Band,beginner-band,,2009 TBA Handout,2009-tba-handout,https://texasbandmasters.org/wp-content/uploads/2023/11/2009-tucker.pdf,https://texasbandmasters.org/document-library/
9929,Beginning Band Recruiting from A to Z,Recruiting/Retention,recruiting-retention,,2005 TBA Handout,2005-tba-handout,https://texasbandmasters.org/wp-content/uploads/2023/11/2005-dunham1.pdf,https://texasbandmasters.org/document-library/
9835,Beginning Band: On Being a Visionary,Beginner Band,beginner-band,,2006 TBA Handout,2006-tba-handout,https://texasbandmasters.org/wp-content/uploads/2023/11/2006-jackson.pdf,https://texasbandmasters.org/document-library/
11926,Beginning Bassoon,Beginner Band-Woodwind,beginner-band-woodwind-2,Gary Doherty,2003 TBA Handout,2003-tba-handout,https://texasbandmasters.org/wp-content/uploads/2026/01/2003-doherty1.pdf,https://texasbandmasters.org/document-library/
7913,Beginning Brass 2020: Turning Stumbling Blocks Into Stepping Stones,Beginner Band-Brass,beginner-band-brass-2,,2020 TBA Handout,2020-tba-handout,https://texasbandmasters.org/wp-content/uploads/2023/11/2020_jackson.pdf,https://texasbandmasters.org/document-library/
8401,Beginning Euphonium & Tuba: Make It Good to Make It Last,Beginner Band-Brass,beginner-band-brass-2,,2018 TBA Handout,2018-tba-handout,https://texasbandmasters.org/wp-content/uploads/2023/11/Beginning-Euphonium-Tuba-Make-It-Good-to-Make-It-Last-Hanegan-Pineda-Wallace.pdf,https://texasbandmasters.org/document-library/
11930,Beginning Flute,Beginner Band-Woodwind,beginner-band-woodwind-2,Venessa Duran-Sloan,2003 TBA Handout,2003-tba-handout,https://texasbandmasters.org/wp-content/uploads/2026/01/2003-duran-sloan1.pdf,https://texasbandmasters.org/document-library/
8372,Beginning Oboe: Fundamentals for Your Future Oboists,Beginner Band-Woodwind,beginner-band-woodwind-2,,2018 BMR September,2018-bmr-september,https://texasbandmasters.org/wp-content/uploads/2023/11/2018-09-finnigan.pdf,https://texasbandmasters.org/document-library/
8403,Beginning Oboe: Fundamentals for Your Future Oboists,Beginner Band-Woodwind,beginner-band-woodwind-2,,2018 TBA Handout,2018-tba-handout,https://texasbandmasters.org/wp-content/uploads/2023/11/Beginning-Oboe-Fundamentals-for-Your-Future-Oboists-Finnigan-Maus.pdf,https://texasbandmasters.org/document-library/
8708,Beginning Percussion,Pedagogy-Percussion,pedagogy-percussion-2,,2016 TBA Handout,2016-tba-handout,https://texasbandmasters.org/wp-content/uploads/2023/11/Bartley-Dick-Scheer-Beginning-Percussion.pdf,https://texasbandmasters.org/document-library/
7915,Beginning Percussion Methods – Strategies for Setting Beginner Percussionists up for Years of Continued Success,Beginner Band-Percussion,beginner-band-percussion-2,,2020 TBA Handout,2020-tba-handout,https://texasbandmasters.org/wp-content/uploads/2023/11/2020_gil.pdf,https://texasbandmasters.org/document-library/
10593,Beginning Saxophone – It’s Not as Easy as You Think,Beginner Band-Woodwind,beginner-band-woodwind-2,,2024 TBA Handout,2024-tba-handout,https://texasbandmasters.org/wp-content/uploads/2024/08/Beginning-Saxophone-Its-Not-as-Easy-as-You-Think.pdf,https://texasbandmasters.org/document-library/
8535,Beginning Trombone,Beginner Band-Brass,beginner-band-brass-2,,2017 TBA Handout,2017-tba-handout,https://texasbandmasters.org/wp-content/uploads/2023/11/Little-George-McNair-James-Meredith-Chris-Beginning-Trombone.pdf,https://texasbandmasters.org/document-library/
8789,Beginning Trombone – A First Lesson,Beginner Band-Brass,beginner-band-brass-2,,2015 TBA Handout,2015-tba-handout,https://texasbandmasters.org/wp-content/uploads/2023/11/2015_bohls_1.pdf,https://texasbandmasters.org/document-library/
11962,Beginning Trombone First Things First,Beginner Band-Brass,beginner-band-brass-2,Andy Russell,2003 TBA Handout,2003-tba-handout,https://texasbandmasters.org/wp-content/uploads/2026/01/2003-russell1.pdf,https://texasbandmasters.org/document-library/
11952,Beginning Trumpet,Beginner Band-Brass,beginner-band-brass-2,Paul Najera,2003 TBA Handout,2003-tba-handout,https://texasbandmasters.org/wp-content/uploads/2026/01/2003-najera1.pdf,https://texasbandmasters.org/document-library/
10594,Beginning Trumpet Fundamentals,Beginner Band-Brass,beginner-band-brass-2,,2024 TBA Handout,2024-tba-handout,https://texasbandmasters.org/wp-content/uploads/2024/08/Beginning-Trumpet-Fundamentals.pdf,https://texasbandmasters.org/document-library/
8710,Beginning Trumpet Not So Fast-It Takes Time,Pedagogy-Brass,pedagogy-brass-2,,2016 TBA Handout,2016-tba-handout,https://texasbandmasters.org/wp-content/uploads/2023/11/Capshaw-Beginning-Trumpet-Not-So-Fast-it-Takes-Time.pdf,https://texasbandmasters.org/document-library/
8075,"Beginning Trumpet: Try This Try That, Good Luck!",Beginner Band-Brass,beginner-band-brass-2,,2022 TBA Handout,2022-tba-handout,https://texasbandmasters.org/wp-content/uploads/2023/10/2022_gonzalez.pdf,https://texasbandmasters.org/document-library/
11946,Beginning Tuba,Beginner Band-Brass,beginner-band-brass-2,Jesse Q. Lotspeich,2003 TBA Handout,2003-tba-handout,https://texasbandmasters.org/wp-content/uploads/2026/01/2003-lotspiech1.pdf,https://texasbandmasters.org/document-library/
7743,Beginning Tuba and Euphonium,Beginner Band-Brass,beginner-band-brass-2,,2021 TBA Handout,2021-tba-handout,https://texasbandmasters.org/wp-content/uploads/2023/11/2021_Meredith.pdf,https://texasbandmasters.org/document-library/
7999,Beginning Tuba and Euphonium,Beginner Band-Brass,beginner-band-brass-2,,2023 TBA Handout,2023-tba-handout,https://texasbandmasters.org/wp-content/uploads/2023/10/2023_dunn.pdf,https://texasbandmasters.org/document-library/
7745,Behind the Curtain: Literature Selection Strategies for Success!,Conducting/Literature/Artistry,conducting-literature-artistry,,2021 TBA Handout,2021-tba-handout,https://texasbandmasters.org/wp-content/uploads/2023/11/2021_Hazzard.pdf,https://texasbandmasters.org/document-library/
8076,Behind the Scenes with the Vandegrift Drum Line,Marching Percussion,marching-percussion-2,,2022 TBA Handout,2022-tba-handout,https://texasbandmasters.org/wp-content/uploads/2023/10/2022_hobbs.pdf,https://texasbandmasters.org/document-library/
9837,Being a “Great Assistant” is Crucial to the Success of the Total Band Program,General,general,,2006 TBA Handout,2006-tba-handout,https://texasbandmasters.org/wp-content/uploads/2023/11/2006-johnson1.pdf,https://texasbandmasters.org/document-library/
9931,Being a “Great Assistant” is Crucial to the Success of the Total Band Program,General,general,,2005 TBA Handout,2005-tba-handout,https://texasbandmasters.org/wp-content/uploads/2023/11/2005-johnson1.pdf,https://texasbandmasters.org/document-library/
7747,Being Correct Don?t Make It Right,Pedagogy-Ensemble,pedagogy-ensemble-2,,2021 TBA Handout,2021-tba-handout,https://texasbandmasters.org/wp-content/uploads/2023/11/2021_Floyd.pdf,https://texasbandmasters.org/document-library/
8712,Best of Both Worlds: Incorporating Conducting into Your Teaching,Conducting/Literature/Artistry,conducting-literature-artistry,,2016 TBA Handout,2016-tba-handout,https://texasbandmasters.org/wp-content/uploads/2023/11/Allen-Fred-Best-of-Both-Worlds.pdf,https://texasbandmasters.org/document-library/
8791,Better Fitness = Better Marching =Better Playing,Health/Wellness,health-wellness,,2015 TBA Handout,2015-tba-handout,https://texasbandmasters.org/wp-content/uploads/2023/11/2015_proko.pdf,https://texasbandmasters.org/document-library/
9258,Better Fundamentals Through Body Mapping,Pedagogy,pedagogy,,2012 TBA Handout,2012-tba-handout,https://texasbandmasters.org/wp-content/uploads/2023/11/2012_clark.pdf,https://texasbandmasters.org/document-library/
8537,Beyond Measure Seven: Lessons That Linger,Featured Clinician,featured-clinician,,2017 TBA Handout,2017-tba-handout,https://texasbandmasters.org/wp-content/uploads/2023/11/Livingston-Larry-Beyond-Measure-7-Lessons-That-Linger.pdf,https://texasbandmasters.org/document-library/
9138,Beyond the Blues Scale: Simple and Interesting Techniquest to Help Beginning Imporvisors Develop More Advanced Ideas,Jazz,jazz,,2013 TBA Handout,2013-tba-handout,https://texasbandmasters.org/wp-content/uploads/2023/11/2013_ishii.pdf,https://texasbandmasters.org/document-library/
9393,Beyond the Notes,Conducting/Literature/Artistry; Featured Clinician,conducting-literature-artistry; featured-clinician,,2011 TBA Handout,2011-tba-handout,https://texasbandmasters.org/wp-content/uploads/2023/11/2011_crider_3.pdf,https://texasbandmasters.org/document-library/
9872,Bill Watrous and The Temple Jazz Orchestra,Jazz,jazz,,2005 BMR June,2005-bmr-june,https://texasbandmasters.org/wp-content/uploads/2023/11/2005-06-fairlie1.pdf,https://texasbandmasters.org/document-library/
8077,Blending Well With Others: Cultivating a Cohesive Band Staff,Program Management,program-management,,2022 TBA Handout,2022-tba-handout,https://texasbandmasters.org/wp-content/uploads/2023/10/2022_davis.pdf,https://texasbandmasters.org/document-library/
8508,Booster Clubs in an Accelerated Age,Boosters,boosters,,2017 BMR June,2017-bmr-june,https://texasbandmasters.org/wp-content/uploads/2023/11/2017-07-vandewalker.pdf,https://texasbandmasters.org/document-library/
9472,Booster Strength Inventory,Boosters,boosters,,2010 BMR September,2010-bmr-september,https://texasbandmasters.org/wp-content/uploads/2023/11/2010-09-vandewalker.pdf,https://texasbandmasters.org/document-library/
8539,Boundaries Broken and Reimagined,Featured Clinician,featured-clinician,,2017 TBA Handout,2017-tba-handout,https://texasbandmasters.org/wp-content/uploads/2023/11/Balmages-Brian-Boundaries-Broken-and-Rreimagined.pdf,https://texasbandmasters.org/document-library/
9649,Brass Articulation & Musical Style,Pedagogy-Brass,pedagogy-brass-2,,2008 TBA Handout,2008-tba-handout,https://texasbandmasters.org/wp-content/uploads/2023/11/2008-dixon1.pdf,https://texasbandmasters.org/document-library/
11768,"Brass Face, First Lesson",Beginner Band-Brass,beginner-band-brass-2,Lynne Jackson,2025 TBA Handout,2025-tba-handout,https://texasbandmasters.org/wp-content/uploads/2026/01/Brass-Face-First-Lesson-Clinician-Lynne-Jackson.pdf,https://texasbandmasters.org/document-library/
9140,Brass Playing After the Beginner Year: Bridging the Gap,Pedagogy-Brass,pedagogy-brass-2,,2013 TBA Handout,2013-tba-handout,https://texasbandmasters.org/wp-content/uploads/2023/11/2013_dillard_robb.pdf,https://texasbandmasters.org/document-library/
8683,Bridging the Gap Between Inspiration and Execution,Pedagogy,pedagogy,,2016 BMR June,2016-bmr-june,https://texasbandmasters.org/wp-content/uploads/2023/11/2016-06-vandewalker.pdf,https://texasbandmasters.org/document-library/
7963,Bridging the Gap-Remediation After an Incomplete Year,Recruiting/Retention,recruiting-retention,,2020 BMR September,2020-bmr-september,https://texasbandmasters.org/wp-content/uploads/2023/11/2020_09_vogtwilliams.pdf,https://texasbandmasters.org/document-library/
7917,Bridging the Gap: The New 7th Grade Year – Remediation in a Full-Band Setting for Students with an Incomplete Beginning Year,Pedagogy-Ensemble,pedagogy-ensemble-2,,2020 TBA Handout,2020-tba-handout,https://texasbandmasters.org/wp-content/uploads/2023/11/2020_vogtwilliams.pdf,https://texasbandmasters.org/document-library/
9716,Bringing Out the Inner Animal: How to Get the Most Out of Your Bass Trombonist,Pedagogy-Brass,pedagogy-brass-2,,2007 BMR June,2007-bmr-june,https://texasbandmasters.org/wp-content/uploads/2023/11/2007-06-wilson1.pdf,https://texasbandmasters.org/document-library/
8496,Bringing the Music to Life,Pedagogy,pedagogy,,2017 BMR December,2017-bmr-december,https://texasbandmasters.org/wp-content/uploads/2023/11/2017-12-haynes.pdf,https://texasbandmasters.org/document-library/
7754,Broaden your Pedagogical Path – From Piccolo to Percussion,Pedagogy-Ensemble,pedagogy-ensemble-2,,2021 TBA Handout,2021-tba-handout,https://texasbandmasters.org/wp-content/uploads/2023/11/2021_Lewis.pdf,https://texasbandmasters.org/document-library/
8714,Building a Better Big Band with the Jazz Ambassadors,Jazz,jazz,,2016 TBA Handout,2016-tba-handout,https://texasbandmasters.org/wp-content/uploads/2023/11/2016_jazz_ambassadors.pdf,https://texasbandmasters.org/document-library/
8793,Building a Cohesive Feeder Pattern Through Curriculum,Program Management,program-management,,2015 TBA Handout,2015-tba-handout,https://texasbandmasters.org/wp-content/uploads/2023/11/2015_chapple.pdf,https://texasbandmasters.org/document-library/
12336,Building a Cost-Free Advantage-Creating Systems that Sustain!,Program Management,program-management,"Mark Saenz , Secretary",2026 BMR April,2026-bmr-april,,https://texasbandmasters.org/document-library/
9933,Building A Formula For Success,General,general,,2005 TBA Handout,2005-tba-handout,https://texasbandmasters.org/wp-content/uploads/2023/11/2005-paris1.pdf,https://texasbandmasters.org/document-library/
8405,Building a Middle School Jazz Program,Jazz,jazz,,2018 TBA Handout,2018-tba-handout,https://texasbandmasters.org/wp-content/uploads/2023/11/Building-a-Middle-School-Jazz-Program-Hairston-Escobedo.pdf,https://texasbandmasters.org/document-library/
9856,Building a Successful Band Program in the Inner-City,Title I,title-i,,2005 BMR December,2005-bmr-december,https://texasbandmasters.org/wp-content/uploads/2023/11/2005-12-flores1.pdf,https://texasbandmasters.org/document-library/
8716,Building a Successful Program in the Small School,Small School,small-school,,2016 TBA Handout,2016-tba-handout,https://texasbandmasters.org/wp-content/uploads/2023/11/Brannan-Little-Building-a-Successful-Program-in-the-Small-School-pdf.pdf,https://texasbandmasters.org/document-library/
9839,Building A Successful Small School Band Program,Small School,small-school,,2006 TBA Handout,2006-tba-handout,https://texasbandmasters.org/wp-content/uploads/2023/11/2006-melton1.pdf,https://texasbandmasters.org/document-library/
7755,Building a Top Performing MS Jazz Program,Jazz,jazz,,2021 TBA Handout,2021-tba-handout,https://texasbandmasters.org/wp-content/uploads/2023/11/2021_Elizondo.pdf,https://texasbandmasters.org/document-library/
8078,Building a Well Oiled Machine: Develop Your Small School Leadership Team Into a Dream Team!,Marching Band,marching-band,,2022 TBA Handout,2022-tba-handout,https://texasbandmasters.org/wp-content/uploads/2023/10/2022_schulte.pdf,https://texasbandmasters.org/document-library/
9395,Building and Maintaining a Successful Band Program in the Inner-City,Title I,title-i,,2011 TBA Handout,2011-tba-handout,https://texasbandmasters.org/wp-content/uploads/2023/11/2011_flores.pdf,https://texasbandmasters.org/document-library/
7756,Building and Maintaining a Successful Small School Band in Texas,Small School,small-school,,2021 TBA Handout,2021-tba-handout,https://texasbandmasters.org/wp-content/uploads/2023/11/2021_Whorton.pdf,https://texasbandmasters.org/document-library/
10596,Building and Maintaining a Successful Small School Band Program,Small School,small-school,,2024 TBA Handout,2024-tba-handout,https://texasbandmasters.org/wp-content/uploads/2024/08/Building-and-Maintaining-a-Successful-Small-School-Band-Program.pdf,https://texasbandmasters.org/document-library/
11726,Building and Maintaining a Successful Small School Band Program,Small School,small-school,Jennifer Condon,2025 BMR January,2025-bmr-january,https://texasbandmasters.org/wp-content/uploads/2026/01/2025_1_Condon.pdf,https://texasbandmasters.org/document-library/
7919,Building and Maintaining Middle School Band Success,Program Management,program-management,,2020 TBA Handout,2020-tba-handout,https://texasbandmasters.org/wp-content/uploads/2023/11/2020_herrings.pdf,https://texasbandmasters.org/document-library/
8541,Building Beginning Brass Without Class…everyday,Beginner Band-Brass,beginner-band-brass-2,,2017 TBA Handout,2017-tba-handout,https://texasbandmasters.org/wp-content/uploads/2023/11/Puckett-David-Building-Beginning-Brass-Without-Class-Everyday.pdf,https://texasbandmasters.org/document-library/
9651,Building Better Bands in Single Director Schools,Small School,small-school,,2008 TBA Handout,2008-tba-handout,https://texasbandmasters.org/wp-content/uploads/2023/11/2008-krupicka1.pdf,https://texasbandmasters.org/document-library/
9460,Building Better Brass: Concepts For Increasing Range and Endurance Through Lip Slurs,Pedagogy-Brass,pedagogy-brass-2,,2010 BMR March,2010-bmr-march,https://texasbandmasters.org/wp-content/uploads/2023/11/2010-03-teweleit.pdf,https://texasbandmasters.org/document-library/
11707,"Building Better Communication WITH Students, Parents, and Peers",Program Management,program-management,Fran Kick,2024 BMR September,2024-bmr-september,https://texasbandmasters.org/wp-content/uploads/2026/01/2024_9_Kick.pdf,https://texasbandmasters.org/document-library/
9142,Building Better Leaders and Better Followers in Your Band,Student Leadership,student-leadership,,2013 TBA Handout,2013-tba-handout,https://texasbandmasters.org/wp-content/uploads/2023/11/2013_kick.pdf,https://texasbandmasters.org/document-library/
11814,Building Blocks: Every Season Matters,Pedagogy,pedagogy,Katherine VanDoren,2025 TBA Handout,2025-tba-handout,https://texasbandmasters.org/wp-content/uploads/2026/01/Building-Blocks-Every-Season-Matters-Clinician-Katherine-VanDoren.pdf,https://texasbandmasters.org/document-library/
8161,Building Community Relations and Promoting Your Program: What’s in the Secret Sauce?,Title I,title-i,,2019 TBA Handout,2019-tba-handout,https://texasbandmasters.org/wp-content/uploads/2023/11/Building-Community-Relations-Keven-Knight-Richard-Crain.pdf,https://texasbandmasters.org/document-library/
8063,Building Great Bands NOW- Water the Lawn you Already Have,Program Management,program-management,,2023 BMR April,2023-bmr-april,https://texasbandmasters.org/wp-content/uploads/2023/10/2023_4_brumley.pdf,https://texasbandmasters.org/document-library/
9583,Building Great Clarinetists: Teaching Tips & Literature,Pedagogy-Woodwind,pedagogy-woodwind-2,,2009 TBA Handout,2009-tba-handout,https://texasbandmasters.org/wp-content/uploads/2023/11/2009-dean.pdf,https://texasbandmasters.org/document-library/
8795,Building Success in the Small School Band,Small School,small-school,,2015 TBA Handout,2015-tba-handout,https://texasbandmasters.org/wp-content/uploads/2023/11/2015_cude.pdf,https://texasbandmasters.org/document-library/
11816,Building Success with Your Middle School Band,Middle School,middle-school,"Britni Hummel , Kelby Koch , Mason England , Taylor Williamson",2025 TBA Handout,2025-tba-handout,https://texasbandmasters.org/wp-content/uploads/2026/01/Building-Success-with-Your-Middle-School-Band-Clinicians-Mason-England-Britni-Hummel-Kelby-Koch-Taylor-Williamson.pdf,https://texasbandmasters.org/document-library/
10598,Building Sustained Success In Title I Bands,Title I,title-i,,2024 TBA Handout,2024-tba-handout,https://texasbandmasters.org/wp-content/uploads/2024/08/Building-Sustained-Success-In-Title-I-Bands.pdf,https://texasbandmasters.org/document-library/
7921,Building the Brass Performer from the “Inside Out”,Marching Band,marching-band,,2020 TBA Handout,2020-tba-handout,https://texasbandmasters.org/wp-content/uploads/2023/11/2020_crotts.pdf,https://texasbandmasters.org/document-library/
8797,"Building, Re-building or Maintaining a Successful HS Band Program",General,general,,2015 TBA Handout,2015-tba-handout,https://texasbandmasters.org/wp-content/uploads/2023/11/2015_ashbrook.pdf,https://texasbandmasters.org/document-library/
8079,"Buy In, Stay In!",Recruiting/Retention,recruiting-retention,,2022 TBA Handout,2022-tba-handout,https://texasbandmasters.org/wp-content/uploads/2023/10/2022_hummel.pdf,https://texasbandmasters.org/document-library/
12054,Buzzing on the Mouthpiece,Pedagogy-Brass,pedagogy-brass-2,Dr. John Ericson,2004 BMR December,2004-bmr-december,https://texasbandmasters.org/wp-content/uploads/2023/11/2004-12-ericson1.pdf,https://texasbandmasters.org/document-library/
7758,C Y Your Digital A… and Other 2021 Teaching Takeaways,Technology,technology,,2021 TBA Handout,2021-tba-handout,https://texasbandmasters.org/wp-content/uploads/2023/11/2021_Schayot.pdf,https://texasbandmasters.org/document-library/
7760,Capturing and Cultivating Great Band Students: A Conversation on Recruiting and Retention,Recruiting/Retention,recruiting-retention,,2021 TBA Handout,2021-tba-handout,https://texasbandmasters.org/wp-content/uploads/2023/11/2021_Jones.pdf,https://texasbandmasters.org/document-library/
9386,Care and Feeding of Your Freshman Double Reeds,Pedagogy-Woodwind,pedagogy-woodwind-2,,2011 BMR September,2011-bmr-september,https://texasbandmasters.org/wp-content/uploads/2023/11/2011-09-rogers.pdf,https://texasbandmasters.org/document-library/
12062,Carpal Tunnel Syndrome: What Do You Know About It?,Health/Wellness,health-wellness,"Dr. Darin ""Dutch"" Workman",2004 BMR September,2004-bmr-september,https://texasbandmasters.org/wp-content/uploads/2023/11/2004-09-workman1.pdf,https://texasbandmasters.org/document-library/
11873,Carve Out Space for YOU,Health/Wellness,health-wellness,"Christopher Yee , President",2025 BMR September,2025-bmr-september,https://texasbandmasters.org/wp-content/uploads/2026/01/2025_9_Yee.pdf,https://texasbandmasters.org/document-library/
8135,Celebrate the Music! 75 Years of Family Ties,Band History,band-history,,2022 BMR June,2022-bmr-june,https://texasbandmasters.org/wp-content/uploads/2023/10/2022_6_brashear_priscilla.pdf,https://texasbandmasters.org/document-library/
9858,Certified to Serve,Motivation/Inspiration,motivation-inspiration,,2005 BMR December,2005-bmr-december,https://texasbandmasters.org/wp-content/uploads/2023/11/2005-12-stevens1.pdf,https://texasbandmasters.org/document-library/
8992,Chamber Music and its Multiple Benefits to Your Program,General,general,,2014 TBA Handout,2014-tba-handout,https://texasbandmasters.org/wp-content/uploads/2023/11/Musella-Smith-Chamber-Music-and-its-Multiple-Benefits.pdf,https://texasbandmasters.org/document-library/
8163,Chamber Music: The Why and the How,General,general,,2019 TBA Handout,2019-tba-handout,https://texasbandmasters.org/wp-content/uploads/2023/11/Chamber-Music-The-Why-and-the-How-Dan-Morrison-Greg-White-Mason-Daffinee.pdf,https://texasbandmasters.org/document-library/
9381,Chance Encounters,Motivation/Inspiration,motivation-inspiration,,2011 BMR March,2011-bmr-march,https://texasbandmasters.org/wp-content/uploads/2023/11/2011-03-lightsey.pdf,https://texasbandmasters.org/document-library/
11728,Change is in the Air,General,general,Michael Brashear,2025 BMR January,2025-bmr-january,https://texasbandmasters.org/wp-content/uploads/2026/01/2025_1_Brashear.pdf,https://texasbandmasters.org/document-library/
8543,Changing the Culture from the Inside Out: Motivating Kids and Community,Motivation/Inspiration,motivation-inspiration,,2017 TBA Handout,2017-tba-handout,https://texasbandmasters.org/wp-content/uploads/2023/11/Mauldin-Stan-Changing-the-Culture-from-the-Inside-Out-Motivating-Kids-and-Community.pdf,https://texasbandmasters.org/document-library/
11964,Changing Your Concussion Section into a Percussion Section,Pedagogy-Percussion,pedagogy-percussion-2,Jared Spears,2003 TBA Handout,2003-tba-handout,https://texasbandmasters.org/wp-content/uploads/2026/01/2003-spears1.pdf,https://texasbandmasters.org/document-library/
8975,Character Traits of a Student Leader,Student Leadership,student-leadership,,2014 BMR September,2014-bmr-september,https://texasbandmasters.org/wp-content/uploads/2023/11/2014-09-lautzenheiser.pdf,https://texasbandmasters.org/document-library/
9841,Characteristics of Tuba Performance for Band Directors and Players,Pedagogy-Brass,pedagogy-brass-2,,2006 TBA Handout,2006-tba-handout,https://texasbandmasters.org/wp-content/uploads/2023/11/2006-dobbins1.pdf,https://texasbandmasters.org/document-library/
9760,Charting the Way Through Band Legal Issues,General,general,,2007 TBA Handout,2007-tba-handout,https://texasbandmasters.org/wp-content/uploads/2023/11/2007-garcia1.pdf,https://texasbandmasters.org/document-library/
9260,Check Points for Teaching Beginners,Beginner Band,beginner-band,,2012 TBA Handout,2012-tba-handout,https://texasbandmasters.org/wp-content/uploads/2023/11/2012_west.pdf,https://texasbandmasters.org/document-library/
8718,Choosing Literature for Success at Contest,Conducting/Literature/Artistry,conducting-literature-artistry,,2016 TBA Handout,2016-tba-handout,https://texasbandmasters.org/wp-content/uploads/2023/11/Graves-Guidry-Williams-Choosing-Literature-for-Success-at-Contest.pdf,https://texasbandmasters.org/document-library/
8677,Choosing Literature for Success at Contest,Conducting/Literature/Artistry,conducting-literature-artistry,,2016 BMR December,2016-bmr-december,https://texasbandmasters.org/wp-content/uploads/2023/11/2016-12-graves.pdf,https://texasbandmasters.org/document-library/
7945,Choosing Quality Literature,Conducting/Literature/Artistry,conducting-literature-artistry,,2020 BMR December,2020-bmr-december,https://texasbandmasters.org/wp-content/uploads/2023/11/2020_12_sandoval.pdf,https://texasbandmasters.org/document-library/
9262,Clarinet 101,Pedagogy-Woodwind,pedagogy-woodwind-2,,2012 TBA Handout,2012-tba-handout,https://texasbandmasters.org/wp-content/uploads/2023/11/2012_ayer.pdf,https://texasbandmasters.org/document-library/
8931,Clarinet Clarity: An Interview with Julie DeRoche,Pedagogy-Woodwind,pedagogy-woodwind-2,,2014 BMR April,2014-bmr-april,https://texasbandmasters.org/wp-content/uploads/2023/11/2014-04-cavitt.pdf,https://texasbandmasters.org/document-library/
8955,Clarinet Clarity: An Interview with Julie DeRoche Part 2,Pedagogy-Woodwind,pedagogy-woodwind-2,,2014 BMR June,2014-bmr-june,https://texasbandmasters.org/wp-content/uploads/2023/11/2014-06-cavitt.pdf,https://texasbandmasters.org/document-library/
8545,Clarinet Equipment Selection in an Era of Innovation and Confusion,Pedagogy-Woodwind,pedagogy-woodwind-2,,2017 TBA Handout,2017-tba-handout,https://texasbandmasters.org/wp-content/uploads/2023/11/2017-harrell.pdf,https://texasbandmasters.org/document-library/
9081,Clarinet Fundamentals . . . Revisited!,Pedagogy-Woodwind,pedagogy-woodwind-2,,2013 BMR April,2013-bmr-april,https://texasbandmasters.org/wp-content/uploads/2023/11/2013-04-whitman.pdf,https://texasbandmasters.org/document-library/
8720,CLARINET POWER! Upgrade with Powerful Clarinet Pedagogy,Pedagogy-Woodwind,pedagogy-woodwind-2,,2016 TBA Handout,2016-tba-handout,https://texasbandmasters.org/wp-content/uploads/2023/11/Dean-Clarinet-Power-Upgrade-with-Powerful-Clarinet-Pedagogy.pdf,https://texasbandmasters.org/document-library/
9570,Clarinet Sound Projection,Pedagogy-Woodwind,pedagogy-woodwind-2,,2009 BMR September,2009-bmr-september,https://texasbandmasters.org/wp-content/uploads/2023/11/2009-09-dean.pdf,https://texasbandmasters.org/document-library/
8799,Classes that Captivate,General,general,,2015 TBA Handout,2015-tba-handout,https://texasbandmasters.org/wp-content/uploads/2023/11/2015_shaw.pdf,https://texasbandmasters.org/document-library/
9653,Classroom Discipline vs. Music Discipline,General,general,,2008 TBA Handout,2008-tba-handout,https://texasbandmasters.org/wp-content/uploads/2023/11/2008-lansford1.pdf,https://texasbandmasters.org/document-library/
8045,"Classroom Management, Discipline & Motivation",Pedagogy,pedagogy,,2023 BMR September,2023-bmr-september,https://texasbandmasters.org/wp-content/uploads/2023/10/2023_9_garza.pdf,https://texasbandmasters.org/document-library/
8165,Clear and Consistent: Developing a Common Language for Ensemble Instruction in Grades 7-12,Pedagogy-Ensemble,pedagogy-ensemble-2,,2019 TBA Handout,2019-tba-handout,https://texasbandmasters.org/wp-content/uploads/2023/11/Clear-and-Consistent-Developing-a-Common-Language-Grades-7-12-Gerard-Miller-and-staff.pdf,https://texasbandmasters.org/document-library/
8000,Click Tracks for Score Study (B.Y.O.D. – Bring Your Own Device!),Technology,technology,,2023 TBA Handout,2023-tba-handout,https://texasbandmasters.org/wp-content/uploads/2023/10/2023_vela.pdf,https://texasbandmasters.org/document-library/
9223,Clinicians: What Are They Good For?,Program Management,program-management,,2012 BMR December,2012-bmr-december,https://texasbandmasters.org/wp-content/uploads/2023/11/2012-12-patterson.pdf,https://texasbandmasters.org/document-library/
9264,Clinicians: What Are They Good For?,General,general,,2012 TBA Handout,2012-tba-handout,https://texasbandmasters.org/wp-content/uploads/2023/11/2012_patterson.pdf,https://texasbandmasters.org/document-library/
8330,Collaboration May Be The Best Thing We Model For Our Students,Pedagogy,pedagogy,,2018 BMR April,2018-bmr-april,https://texasbandmasters.org/wp-content/uploads/2023/11/2018-04-clements.pdf,https://texasbandmasters.org/document-library/
7855,Collaboration-A Look from the Other Side: The Instrumentalist’s Contribution for Successful Collaboration with a Pianist,Pedagogy,pedagogy,,2021 BMR December,2021-bmr-december,https://texasbandmasters.org/wp-content/uploads/2023/11/2021_12_guenther.pdf,https://texasbandmasters.org/document-library/
9655,College Track II: Preparing to Teach,General,general,,2008 TBA Handout,2008-tba-handout,https://texasbandmasters.org/wp-content/uploads/2023/11/2008-velezpasquale1.pdf,https://texasbandmasters.org/document-library/
7762,Color Guard – Cultivating A Program Of Excellence,Marching Band,marching-band,,2021 TBA Handout,2021-tba-handout,https://texasbandmasters.org/wp-content/uploads/2023/11/2021_Rainey.pdf,https://texasbandmasters.org/document-library/
11798,Color Guard 101 through the Band Director’s Lenses,Marching Guard,marching-guard-2,Alyson Baker,2025 TBA Handout,2025-tba-handout,https://texasbandmasters.org/wp-content/uploads/2026/01/Color-Guard-101-through-the-Band-Director-s-Lenses-Clinician-Alyson-Baker.pdf,https://texasbandmasters.org/document-library/
8801,Color Guard for Non Majors,Marching Guard,marching-guard-2,,2015 TBA Handout,2015-tba-handout,https://texasbandmasters.org/wp-content/uploads/2023/11/2015_nix.pdf,https://texasbandmasters.org/document-library/
8994,Communicating With Administrators;”Dealing with the Dark Side”,Program Management,program-management,,2014 TBA Handout,2014-tba-handout,https://texasbandmasters.org/wp-content/uploads/2023/11/Matysiak-Sheppard-Communicating-With-Administrators.pdf,https://texasbandmasters.org/document-library/
8080,Communicating With Your Administrators: How To Talk So Principals Will Listen,Program Management,program-management,,2022 TBA Handout,2022-tba-handout,https://texasbandmasters.org/wp-content/uploads/2023/10/2022_ghinelli.pdf,https://texasbandmasters.org/document-library/
8141,Communicating With Your Administrators: How To Talk So Principals Will Listen,Program Management,program-management,,2022 BMR April,2022-bmr-april,https://texasbandmasters.org/wp-content/uploads/2023/10/2022_4_ghinelli.pdf,https://texasbandmasters.org/document-library/
8167,Communicating With Your Administrators: How To Talk So Principals Will Listen,Program Management,program-management,,2019 TBA Handout,2019-tba-handout,https://texasbandmasters.org/wp-content/uploads/2023/11/Communicating-with-Your-Administrators-Rick-Ghinelli.pdf,https://texasbandmasters.org/document-library/
8136,Communication with Your Design Team Heading into Summer Band,Marching Band,marching-band,,2022 BMR June,2022-bmr-june,https://texasbandmasters.org/wp-content/uploads/2023/10/2022_6_robb.pdf,https://texasbandmasters.org/document-library/
12055,Composers of Great Band Works,Composer,composer,Dr. Brian Harris,2004 BMR December,2004-bmr-december,https://texasbandmasters.org/wp-content/uploads/2023/11/2004-12-harris1.pdf,https://texasbandmasters.org/document-library/
9585,Composers on Composing: Writing for the Young Band,Composer,composer,,2009 TBA Handout,2009-tba-handout,https://texasbandmasters.org/wp-content/uploads/2023/11/2009-allen-osmon.pdf,https://texasbandmasters.org/document-library/
8547,Composing for Color Guard: Program Development Through Educational Curriculum and Effective Writing,Marching Guard,marching-guard-2,,2017 TBA Handout,2017-tba-handout,https://texasbandmasters.org/wp-content/uploads/2023/11/2017-leonard.pdf,https://texasbandmasters.org/document-library/
9916,Concerning “The Important Things”,Conducting/Literature/Artistry,conducting-literature-artistry,,2005 BMR September,2005-bmr-september,https://texasbandmasters.org/wp-content/uploads/2023/11/2005-09-whitwell1.pdf,https://texasbandmasters.org/document-library/
8996,Concert Band Techniques for the Small School,Pedagogy-Ensemble; Small School,pedagogy-ensemble-2; small-school,,2014 TBA Handout,2014-tba-handout,https://texasbandmasters.org/wp-content/uploads/2023/11/Rhodes-Concert-Band-Techniques-for-the-Small-School.pdf,https://texasbandmasters.org/document-library/
11938,Conduct What you wish to Hear,Conducting/Literature/Artistry,conducting-literature-artistry,Don Haynes,2003 TBA Handout,2003-tba-handout,https://texasbandmasters.org/wp-content/uploads/2026/01/2003-haynes1.pdf,https://texasbandmasters.org/document-library/
8998,Conducting and Phrasing the Musical Line,Conducting/Literature/Artistry,conducting-literature-artistry,,2014 TBA Handout,2014-tba-handout,https://texasbandmasters.org/wp-content/uploads/2023/11/2014_mckoin.pdf,https://texasbandmasters.org/document-library/
8941,Conducting Master Class Website Announcing an Exciting New Resource for Band Directors,Conducting/Literature/Artistry,conducting-literature-artistry,,2014 BMR December,2014-bmr-december,https://texasbandmasters.org/wp-content/uploads/2023/11/2014-12-floyd.pdf,https://texasbandmasters.org/document-library/
9657,Conducting Nuances: Little Things Mean a Lot,Conducting/Literature/Artistry,conducting-literature-artistry,,2008 TBA Handout,2008-tba-handout,https://texasbandmasters.org/wp-content/uploads/2023/11/2008-maiello1.pdf,https://texasbandmasters.org/document-library/
10600,Conductor’s Tune-Up: How Score Study and Gestures Impact Your Band,Conducting/Literature/Artistry,conducting-literature-artistry,,2024 TBA Handout,2024-tba-handout,https://texasbandmasters.org/wp-content/uploads/2024/08/Conductor-s-Tune-Up-How-Score-Study-and-Gestures-Impact-Your-Band.pdf,https://texasbandmasters.org/document-library/
9144,Connect With Your Crowd!-Performance Approaches for Building Community Support,Marching Band,marching-band,,2013 TBA Handout,2013-tba-handout,https://texasbandmasters.org/wp-content/uploads/2023/11/2013_youngblood_strickland.pdf,https://texasbandmasters.org/document-library/
7843,Connections!,Motivation/Inspiration,motivation-inspiration,,2021 BMR April,2021-bmr-april,https://texasbandmasters.org/wp-content/uploads/2023/11/2021_4_allen.pdf,https://texasbandmasters.org/document-library/
11709,Conquering the Cold Sweat: How to Help Your Nervous Players Succeed,Health/Wellness,health-wellness,Katie Gregg,2024 BMR September,2024-bmr-september,https://texasbandmasters.org/wp-content/uploads/2026/01/2024_9_Gregg.pdf,https://texasbandmasters.org/document-library/
9626,Conrad O. “Prof” Johnson (1915-2008),Band History,band-history,,2008 BMR March,2008-bmr-march,https://texasbandmasters.org/wp-content/uploads/2023/11/2008-03-johnson1.pdf,https://texasbandmasters.org/document-library/
8722,Constructing Your Environment-Building and Maintaining Your Program,General,general,,2016 TBA Handout,2016-tba-handout,https://texasbandmasters.org/wp-content/uploads/2023/11/Harrington-Constructin-Your-Environment-Building-and-Maintaining-Your-Program.pdf,https://texasbandmasters.org/document-library/
9730,Consulting + Mentoring = Satisfaction,Motivation/Inspiration,motivation-inspiration,,2007 BMR December,2007-bmr-december,https://texasbandmasters.org/wp-content/uploads/2023/11/2007-12-salazar1.pdf,https://texasbandmasters.org/document-library/
9894,Continuing Education: The Key to a Successful Career for Directors AND Students,Motivation/Inspiration,motivation-inspiration,,2005 BMR March,2005-bmr-march,https://texasbandmasters.org/wp-content/uploads/2023/11/2005-03-lautzenheiser1.pdf,https://texasbandmasters.org/document-library/
9000,Contributions of Influential Texas Women Band Directors,Band History,band-history,,2014 TBA Handout,2014-tba-handout,https://texasbandmasters.org/wp-content/uploads/2023/11/2014_lambrecht.pdf,https://texasbandmasters.org/document-library/
9918,Cooperation Creates Victory,Motivation/Inspiration,motivation-inspiration,,2005 BMR September,2005-bmr-september,https://texasbandmasters.org/wp-content/uploads/2023/11/2005-09-lautzenheiser1.pdf,https://texasbandmasters.org/document-library/
8943,Cooperation Creates Victory,Motivation/Inspiration,motivation-inspiration,,2014 BMR December,2014-bmr-december,https://texasbandmasters.org/wp-content/uploads/2023/11/2014-12-lautzenheiser.pdf,https://texasbandmasters.org/document-library/
7885,Cooperation-A Fundamental for Program Success,Motivation/Inspiration,motivation-inspiration,,2021 BMR September,2021-bmr-september,https://texasbandmasters.org/wp-content/uploads/2023/11/2021_9_lautzenheiser.pdf,https://texasbandmasters.org/document-library/
9698,Core Style Bands,Marching Band,marching-band,,2007 BMR September,2007-bmr-september,https://texasbandmasters.org/wp-content/uploads/2023/11/2007-09-vollmar1.pdf,https://texasbandmasters.org/document-library/
12056,Cornet vs. Trumpet,Pedagogy-Brass,pedagogy-brass-2,Dr. Richard Strange,2004 BMR December,2004-bmr-december,https://texasbandmasters.org/wp-content/uploads/2023/11/2004-12-strange1.pdf,https://texasbandmasters.org/document-library/
9146,Count Tap Clap: Coordinating the Relationship Between Rhythm and Pulse,Pedagogy,pedagogy,,2013 TBA Handout,2013-tba-handout,https://texasbandmasters.org/wp-content/uploads/2023/11/2013_haburay.pdf,https://texasbandmasters.org/document-library/
8046,Counter-March to Choreography: How to Check and Adjust as We Evolve,Marching Band,marching-band,,2023 BMR September,2023-bmr-september,https://texasbandmasters.org/wp-content/uploads/2023/10/2023_9_shuttlesworth.pdf,https://texasbandmasters.org/document-library/
7857,Cover Down! A History of Texas Military Marching Band Style,Marching Band,marching-band,,2021 BMR December,2021-bmr-december,https://texasbandmasters.org/wp-content/uploads/2023/11/2021_12_rhea.pdf,https://texasbandmasters.org/document-library/
11936,CPR and First Aid Training of Band Directors,Health/Wellness,health-wellness,Leticia Van de Putte,2003 TBA Handout,2003-tba-handout,https://texasbandmasters.org/wp-content/uploads/2026/01/2003-garcia1.pdf,https://texasbandmasters.org/document-library/
8081,Craft And Creativity: Aligning The Mind’s Eye With The Mind’s Ear,Featured Clinician,featured-clinician,,2022 TBA Handout,2022-tba-handout,https://texasbandmasters.org/wp-content/uploads/2023/10/2022_corporon_craft.pdf,https://texasbandmasters.org/document-library/
11875,Craft vs. Art,Pedagogy,pedagogy,"Past President , Reagan Brumley",2025 BMR September,2025-bmr-september,https://texasbandmasters.org/wp-content/uploads/2026/01/2025_9_Brumley.pdf,https://texasbandmasters.org/document-library/
8152,Crafting Culture – Practical Steps to Building a Culture of Excellence in Your Program,General,general,,2023 TBA Handout,2023-tba-handout,https://texasbandmasters.org/wp-content/uploads/2023/10/2023_andre.pdf,https://texasbandmasters.org/document-library/
8047,Crafting Culture through WIN-WIN Connections,Motivation/Inspiration,motivation-inspiration,,2023 BMR September,2023-bmr-september,https://texasbandmasters.org/wp-content/uploads/2023/10/2023_9_vandewalker.pdf,https://texasbandmasters.org/document-library/
8933,Creating “Instant” Memorized Warm-Up Chords In Band or Wind Ensemble Rehearsals,Pedagogy-Ensemble,pedagogy-ensemble-2,,2014 BMR April,2014-bmr-april,https://texasbandmasters.org/wp-content/uploads/2023/11/2014-04-stith.pdf,https://texasbandmasters.org/document-library/
8082,Creating a Culture of Confident Improvisors: Inside a Rehearsal with Paschal Jazz,Jazz,jazz,,2022 TBA Handout,2022-tba-handout,https://texasbandmasters.org/wp-content/uploads/2023/10/2022_sawyer.pdf,https://texasbandmasters.org/document-library/
8407,Creating a Culture of Excellence in Your 2nd and 3rd Bands,Pedagogy-Ensemble,pedagogy-ensemble-2,,2018 TBA Handout,2018-tba-handout,https://texasbandmasters.org/wp-content/uploads/2023/11/Creating-a-Culture-of-Excellence-in-Your-2nd-and-3rd-Bands-Cook-Roberts.pdf,https://texasbandmasters.org/document-library/
8344,Creating a Culture of Excellence in Your Second and Third Bands,Pedagogy-Ensemble,pedagogy-ensemble-2,,2018 BMR December,2018-bmr-december,https://texasbandmasters.org/wp-content/uploads/2023/11/2018-12-cook.pdf,https://texasbandmasters.org/document-library/
8083,Creating a Culture of Excellence Through Servant Leadership – the key to program success…,General,general,,2022 TBA Handout,2022-tba-handout,https://texasbandmasters.org/wp-content/uploads/2023/10/2022_andre.pdf,https://texasbandmasters.org/document-library/
8169,Creating a Culture of Leadership and Inclusion through United Sound,Student Leadership,student-leadership,,2019 TBA Handout,2019-tba-handout,https://texasbandmasters.org/wp-content/uploads/2023/11/Creating-a-Culture-of-Leadership-and-Inclusion-through-United-Sound-Julie-Duty.pdf,https://texasbandmasters.org/document-library/
9266,Creating A Culture of Success As a Young Teacher,General,general,,2012 TBA Handout,2012-tba-handout,https://texasbandmasters.org/wp-content/uploads/2023/11/2012_pitts.pdf,https://texasbandmasters.org/document-library/
8409,Creating a Great Friday Night Football Game Experience!,Marching Band,marching-band,,2018 TBA Handout,2018-tba-handout,https://texasbandmasters.org/wp-content/uploads/2023/11/Creating-a-Great-Friday-Night-Football-Game-Experience-Gundersen-Lechuga-Wade.pdf,https://texasbandmasters.org/document-library/
9659,Creating a Mariachi Program That Works,Mariachi,mariachi,,2008 TBA Handout,2008-tba-handout,https://texasbandmasters.org/wp-content/uploads/2023/11/2008-neel1.pdf,https://texasbandmasters.org/document-library/
8171,Creating a Successful Band Program in a Rural Community,Small School,small-school,,2019 TBA Handout,2019-tba-handout,https://texasbandmasters.org/wp-content/uploads/2023/11/Creating-a-Successful-Band-Program-in-a-Rural-Community-Jon-Schriver-Steven-Cox-Jennifer-Webber.pdf,https://texasbandmasters.org/document-library/
10602,Creating a Successful Jazz Rhythm Section,Jazz,jazz,,2024 TBA Handout,2024-tba-handout,https://texasbandmasters.org/wp-content/uploads/2024/08/Creating-a-Successful-Jazz-Rhythm-Section.pdf,https://texasbandmasters.org/document-library/
10604,Creating a Successful Small School Band Program,Small School,small-school,,2024 TBA Handout,2024-tba-handout,https://texasbandmasters.org/wp-content/uploads/2024/08/Creating-a-Successful-Small-School-Band-Program.pdf,https://texasbandmasters.org/document-library/
8411,Creating a Successful Title I Middle School Program,Title I,title-i,,2018 TBA Handout,2018-tba-handout,https://texasbandmasters.org/wp-content/uploads/2023/11/Creating-a-Successful-Title-I-Middle-School-Program-Gonzales-Warny.pdf,https://texasbandmasters.org/document-library/
9002,Creating and Maintaining a Culture of Excellence,General,general,,2014 TBA Handout,2014-tba-handout,https://texasbandmasters.org/wp-content/uploads/2023/11/2014_christian_herrings_warshaw.pdf,https://texasbandmasters.org/document-library/
8173,Creating Excellence at the Middle School Level,Pedagogy-Ensemble,pedagogy-ensemble-2,,2019 TBA Handout,2019-tba-handout,https://texasbandmasters.org/wp-content/uploads/2023/11/Creating-Excellence-at-the-MS-Level-Lauren-Jones-Jed-Maus-Chris-Meredith.pdf,https://texasbandmasters.org/document-library/
9268,Creating Excellence in Your Marching Winds,Marching Band,marching-band,,2012 TBA Handout,2012-tba-handout,https://texasbandmasters.org/wp-content/uploads/2023/11/2012_chreste.pdf,https://texasbandmasters.org/document-library/
8002,Creating Habits of Success in the Young Band,General,general,,2023 TBA Handout,2023-tba-handout,https://texasbandmasters.org/wp-content/uploads/2023/10/2023_scott.pdf,https://texasbandmasters.org/document-library/
9371,Creating Positive Classroom Behavior,Motivation/Inspiration,motivation-inspiration,,2011 BMR December,2011-bmr-december,https://texasbandmasters.org/wp-content/uploads/2023/11/2011-12-lautzenheiser.pdf,https://texasbandmasters.org/document-library/
8003,Creating Self-Directed Learning in Beginning Band,Beginner Band,beginner-band,,2023 TBA Handout,2023-tba-handout,https://texasbandmasters.org/wp-content/uploads/2023/10/2023_chilton.pdf,https://texasbandmasters.org/document-library/
8048,Creating Self-Directed Learning in Beginning Band,Beginner Band,beginner-band,,2023 BMR September,2023-bmr-september,https://texasbandmasters.org/wp-content/uploads/2023/10/2023_9_chilton_pittman.pdf,https://texasbandmasters.org/document-library/
8332,Creating Standard Articulation Concepts for the Developing Percussionist,Pedagogy-Percussion,pedagogy-percussion-2,,2018 BMR April,2018-bmr-april,https://texasbandmasters.org/wp-content/uploads/2023/11/2018-04-campbell.pdf,https://texasbandmasters.org/document-library/
9372,Creating Success for the Entire Band Program,Motivation/Inspiration,motivation-inspiration,,2011 BMR December,2011-bmr-december,https://texasbandmasters.org/wp-content/uploads/2023/11/2011-12-dillard.pdf,https://texasbandmasters.org/document-library/
9397,Creating Success for the Entire Band Program: The Care and Feeding of Non Varsity Band,Pedagogy,pedagogy,,2011 TBA Handout,2011-tba-handout,https://texasbandmasters.org/wp-content/uploads/2023/11/2011_dillard.pdf,https://texasbandmasters.org/document-library/
11818,Creating the Engaged Listener,Conducting/Literature/Artistry,conducting-literature-artistry,Dr. Bradley Genevro,2025 TBA Handout,2025-tba-handout,https://texasbandmasters.org/wp-content/uploads/2026/01/Creating-the-Engaged-Listener-Clinician-Dr.-Bradley-Genevro.pdf,https://texasbandmasters.org/document-library/
8413,Creating the Engaged Listener,Pedagogy-Ensemble,pedagogy-ensemble-2,,2018 TBA Handout,2018-tba-handout,https://texasbandmasters.org/wp-content/uploads/2023/11/Creating-the-Engaged-Listener-Genevro.pdf,https://texasbandmasters.org/document-library/
8175,"Creating Your Digital Environment – aka Flags, Props, and Other Cool Stuff",Marching Band,marching-band,,2019 TBA Handout,2019-tba-handout,https://texasbandmasters.org/wp-content/uploads/2023/11/Creating-Your-Digital-Environment-Eric-Sabach-Bob-Chreste-Jeremy-Spicer.pdf,https://texasbandmasters.org/document-library/
8678,Creating Your Environment. Creating Your Success.,Program Management,program-management,,2016 BMR December,2016-bmr-december,https://texasbandmasters.org/wp-content/uploads/2023/11/2016-12-harrington.pdf,https://texasbandmasters.org/document-library/
8724,Creative and Effective Instrumentation for the Marching Percussion Section/The Front Ensemble Becomes the Field Ensemble,Marching Percussion,marching-percussion-2,,2016 TBA Handout,2016-tba-handout,https://texasbandmasters.org/wp-content/uploads/2023/11/Burkhalter-Buecker-Creative-and-Effective-Instrumentation-for-the-Marching-Percussion-Section.pdf,https://texasbandmasters.org/document-library/
8334,Creative Tips for Metronome Use – A Guide For Any Instrument,Pedagogy,pedagogy,,2018 BMR April,2018-bmr-april,https://texasbandmasters.org/wp-content/uploads/2023/11/2018-04-bailey.pdf,https://texasbandmasters.org/document-library/
8878,Creativity in Teaching: Addressing Different Learning Styles,Pedagogy,pedagogy,,2015 BMR April,2015-bmr-april,https://texasbandmasters.org/wp-content/uploads/2023/11/2015-04-guenther.pdf,https://texasbandmasters.org/document-library/
9762,Criteria for the Excellent Assistant Band Director,General,general,,2007 TBA Handout,2007-tba-handout,https://texasbandmasters.org/wp-content/uploads/2023/11/2007-carroll1.pdf,https://texasbandmasters.org/document-library/
7947,Crossing the Break,Pedagogy-Woodwind,pedagogy-woodwind-2,,2020 BMR December,2020-bmr-december,https://texasbandmasters.org/wp-content/uploads/2023/11/2020_12_paglialonga.pdf,https://texasbandmasters.org/document-library/
10606,Cultivate and Elevate: Creating a Culture of Excellence in a Diverse Classroom,General,general,,2024 TBA Handout,2024-tba-handout,https://texasbandmasters.org/wp-content/uploads/2024/08/Cultivate-and-Elevate-Creating-a-Culture-of-Excellence-in-a-Diverse-Classroom.pdf,https://texasbandmasters.org/document-library/
8726,Cultivating and Maintaining a Quality Guard Program,Marching Guard,marching-guard-2,,2016 TBA Handout,2016-tba-handout,https://texasbandmasters.org/wp-content/uploads/2023/11/Selaiden-Callaway-Cultivating-and-Maintaining-a-Quality-Guard-Program.pdf,https://texasbandmasters.org/document-library/
7923,Cultivating Covid Champs: Building Your Best Beginners!,Beginner Band,beginner-band,,2020 TBA Handout,2020-tba-handout,https://texasbandmasters.org/wp-content/uploads/2023/11/2020_lewis.pdf,https://texasbandmasters.org/document-library/
8084,Cultivating Seeds of Success in Middle School Percussion Students,Pedagogy-Percussion,pedagogy-percussion-2,,2022 TBA Handout,2022-tba-handout,https://texasbandmasters.org/wp-content/uploads/2023/10/2022_dillard.pdf,https://texasbandmasters.org/document-library/
9661,Curriculum Schedule for Band,General,general,,2008 TBA Handout,2008-tba-handout,https://texasbandmasters.org/wp-content/uploads/2023/11/2008-williamsbeck1.pdf,https://texasbandmasters.org/document-library/
8728,Custom Tailored for Success,Marching Band,marching-band,,2016 TBA Handout,2016-tba-handout,https://texasbandmasters.org/wp-content/uploads/2023/11/Spicer-Chreste-Custom-Tailored-for-Success.pdf,https://texasbandmasters.org/document-library/
12140,Cymbalic Review,Pedagogy-Percussion,pedagogy-percussion-2,Jeff Kozol,2004 TBA Handout,2004-tba-handout,https://texasbandmasters.org/wp-content/uploads/2023/11/2004-kozol1.pdf,https://texasbandmasters.org/document-library/
9373,Daily Routines for the Jazz Ensemble,Jazz,jazz,,2011 BMR December,2011-bmr-december,https://texasbandmasters.org/wp-content/uploads/2023/11/2011-12-sandoval.pdf,https://texasbandmasters.org/document-library/
11820,Day 1 to Hot Cross Buns – Beginner Low Brass Resources,Beginner Band-Brass,beginner-band-brass-2,"Adam Powell , Brad Smith",2025 TBA Handout,2025-tba-handout,https://texasbandmasters.org/wp-content/uploads/2026/01/Day-1-to-Hot-Cross-Buns-Beginner-Low-Brass-Resources-Clinicians-Brad-Smith-Adam-Powell.pdf,https://texasbandmasters.org/document-library/
10608,Deaf Students CAN be Successful in the Band Classroom and Marching Field!,Health/Wellness,health-wellness,,2024 TBA Handout,2024-tba-handout,https://texasbandmasters.org/wp-content/uploads/2024/08/Deaf-Students-CAN-be-Successful-in-the-Band-Classroom-and-Marching-Field.pdf,https://texasbandmasters.org/document-library/
8957,Dealing With “It’s Good Enough.”,Motivation/Inspiration,motivation-inspiration,,2014 BMR June,2014-bmr-june,https://texasbandmasters.org/wp-content/uploads/2023/11/2014-06-lautzenheiser.pdf,https://texasbandmasters.org/document-library/
12139,Dealing With Burnout – Why Quit Now?,Health/Wellness,health-wellness,Bryce Taylor,2004 TBA Handout,2004-tba-handout,https://texasbandmasters.org/wp-content/uploads/2023/11/2004-taylor1.pdf,https://texasbandmasters.org/document-library/
8053,Decide Ahead of Time,Motivation/Inspiration,motivation-inspiration,,2023 BMR January,2023-bmr-january,https://texasbandmasters.org/wp-content/uploads/2023/10/2023_1_yee.pdf,https://texasbandmasters.org/document-library/
7764,Decoding The Mystery of Beginning Band French Horn,Beginner Band-Brass,beginner-band-brass-2,,2021 TBA Handout,2021-tba-handout,https://texasbandmasters.org/wp-content/uploads/2023/11/2021_wren.pdf,https://texasbandmasters.org/document-library/
10610,Default Detours-A guide to more engaged and organic conducting,Conducting/Literature/Artistry; Featured Clinician,conducting-literature-artistry; featured-clinician,,2024 TBA Handout,2024-tba-handout,https://texasbandmasters.org/wp-content/uploads/2024/08/Default-Detours-A-guide-to-more-engaged-and-organic-conducting.pdf,https://texasbandmasters.org/document-library/
7859,Defining Success,Marching Band,marching-band,,2021 BMR December,2021-bmr-december,https://texasbandmasters.org/wp-content/uploads/2023/11/2021_12_spicer.pdf,https://texasbandmasters.org/document-library/
9004,"Defining the TOTAL Middle School Band Program: Let’s Work Smarter, Not Harder!",General,general,,2014 TBA Handout,2014-tba-handout,https://texasbandmasters.org/wp-content/uploads/2023/11/Bearden-Bulloch-Lansford-Defining-the-Total-MS-Band-Program.pdf,https://texasbandmasters.org/document-library/
11782,Demystifying the New UIL Area Sheets,Marching Band,marching-band,"Conrad Isenhour , Gerry Miller , Glenn Fugett , Mark McGahey",2025 TBA Handout,2025-tba-handout,https://texasbandmasters.org/wp-content/uploads/2026/01/Demystifying-the-New-UIL-Area-Sheets-Clinicians-Glenn-Fugett-Conrad-Isenhour-Mark-McGahey-Gerry-Miller.pdf,https://texasbandmasters.org/document-library/
8549,Design on a Dime: Designing Your Marching Band Production and Color Guard on a Budget,Marching Guard,marching-guard-2,,2017 TBA Handout,2017-tba-handout,https://texasbandmasters.org/wp-content/uploads/2023/11/Ascano-Nathan-Royall-Bob-Degisn-on-a-Dime-Designing-Your-Marching-Band-Production-and-Color-Guard-on-a-Budget.pdf,https://texasbandmasters.org/document-library/
11940,Designing and Planning a Marching Show for Small School Bands,Small School,small-school,Barry Hurt,2003 TBA Handout,2003-tba-handout,https://texasbandmasters.org/wp-content/uploads/2026/01/2003-hurt1.pdf,https://texasbandmasters.org/document-library/
8803,Designing Total Program Success,Marching Band,marching-band,,2015 TBA Handout,2015-tba-handout,https://texasbandmasters.org/wp-content/uploads/2023/11/2015_young.pdf,https://texasbandmasters.org/document-library/
8054,DETAILS MATTER & DETAIL MATTERS,Pedagogy,pedagogy,,2023 BMR January,2023-bmr-january,https://texasbandmasters.org/wp-content/uploads/2023/10/2023_1_mallow_meredith_gwilliams_dwilliams.pdf,https://texasbandmasters.org/document-library/
8085,Details Matter!,Pedagogy-Ensemble,pedagogy-ensemble-2,,2022 TBA Handout,2022-tba-handout,https://texasbandmasters.org/wp-content/uploads/2023/10/2022_mallow.pdf,https://texasbandmasters.org/document-library/
8049,Developing a Beautiful Clarinet Tonal Concept Through the Formation of the Venturi,Pedagogy-Woodwind,pedagogy-woodwind-2,,2023 BMR September,2023-bmr-september,https://texasbandmasters.org/wp-content/uploads/2023/10/2023_9_straka.pdf,https://texasbandmasters.org/document-library/
9148,Developing a Championship Program,Pedagogy; Small School,pedagogy; small-school,,2013 TBA Handout,2013-tba-handout,https://texasbandmasters.org/wp-content/uploads/2023/11/2013_sheffield_glaze.pdf,https://texasbandmasters.org/document-library/
7765,Developing A Middle School and High School Jazz Curriculum,Jazz,jazz,,2021 TBA Handout,2021-tba-handout,https://texasbandmasters.org/wp-content/uploads/2023/11/2021_Diaz.pdf,https://texasbandmasters.org/document-library/
9270,Developing a Student Leadership Program that Works for You,Student Leadership,student-leadership,,2012 TBA Handout,2012-tba-handout,https://texasbandmasters.org/wp-content/uploads/2023/11/2012_kick.pdf,https://texasbandmasters.org/document-library/
8679,Developing a Successful Band Program in Title I Schools,Title I,title-i,,2016 BMR December,2016-bmr-december,https://texasbandmasters.org/wp-content/uploads/2023/11/2016-12-mcadow.pdf,https://texasbandmasters.org/document-library/
8730,Developing a Successful Band Program inTitle I Schools,Title I,title-i,,2016 TBA Handout,2016-tba-handout,https://texasbandmasters.org/wp-content/uploads/2023/11/McAdow-Developing-a-Successful-Band-Program-in-Title-I-Schools.pdf,https://texasbandmasters.org/document-library/
9663,Developing a Successful High School Percussion Section,Marching Percussion,marching-percussion-2,,2008 TBA Handout,2008-tba-handout,https://texasbandmasters.org/wp-content/uploads/2023/11/2008-brown-lynch1.pdf,https://texasbandmasters.org/document-library/
8005,Developing a Successful Marching Percussion Section: Avoiding Mistakes Most of Us Have Made,Marching Percussion,marching-percussion-2,,2023 TBA Handout,2023-tba-handout,https://texasbandmasters.org/wp-content/uploads/2023/10/2023_ehlers.pdf,https://texasbandmasters.org/document-library/
10612,Developing a Successful Middle School Band Program,Middle School,middle-school,,2024 TBA Handout,2024-tba-handout,https://texasbandmasters.org/wp-content/uploads/2024/08/Developing-a-Successful-Middle-School-Band-Program.pdf,https://texasbandmasters.org/document-library/
9087,Developing Advanced Performance Techniques for Trumpet/High Brass,Pedagogy-Brass,pedagogy-brass-2,,2013 BMR December,2013-bmr-december,https://texasbandmasters.org/wp-content/uploads/2023/11/2013-12-anderson.pdf,https://texasbandmasters.org/document-library/
9796,Developing an Understanding of Latin Music,Jazz,jazz,,2006 BMR June,2006-bmr-june,https://texasbandmasters.org/wp-content/uploads/2023/11/2006-06-diaz1.pdf,https://texasbandmasters.org/document-library/
8516,Developing and Implementing a Marching Band Fundamentals Program,Marching Band,marching-band,,2017 BMR September,2017-bmr-september,https://texasbandmasters.org/wp-content/uploads/2023/11/2017-09-biskup.pdf,https://texasbandmasters.org/document-library/
9006,Developing and Maintaining a Rural Class C Middle School Band,Small School,small-school,,2014 TBA Handout,2014-tba-handout,https://texasbandmasters.org/wp-content/uploads/2023/11/Muela-Developing-and-Maintaining-a-Rural-Class-C-MS-Band.pdf,https://texasbandmasters.org/document-library/
9150,Developing and Maintaining a Successful Program in the Rural Setting,Small School,small-school,,2013 TBA Handout,2013-tba-handout,https://texasbandmasters.org/wp-content/uploads/2023/11/2013_jones_toups.pdf,https://texasbandmasters.org/document-library/
8050,Developing BOTH Better Leadership AND Smarter Followership in Band,Program Management,program-management,,2023 BMR September,2023-bmr-september,https://texasbandmasters.org/wp-content/uploads/2023/10/2023_9_kick.pdf,https://texasbandmasters.org/document-library/
7767,Developing Clarinet Players…a COVID Catch Up!,Pedagogy-Woodwind,pedagogy-woodwind-2,,2021 TBA Handout,2021-tba-handout,https://texasbandmasters.org/wp-content/uploads/2023/11/2021_Benzer.pdf,https://texasbandmasters.org/document-library/
7769,Developing Efficient Rehearsal Strategies,Pedagogy-Ensemble,pedagogy-ensemble-2,,2021 TBA Handout,2021-tba-handout,https://texasbandmasters.org/wp-content/uploads/2023/11/2021_Taylor.pdf,https://texasbandmasters.org/document-library/
9550,Developing Expressive Musical Leadership Through The Art of Conducting,Conducting/Literature/Artistry,conducting-literature-artistry,,2009 BMR June,2009-bmr-june,https://texasbandmasters.org/wp-content/uploads/2023/11/2009-06-haithcock.pdf,https://texasbandmasters.org/document-library/
7861,Developing Healthy Practice Habits,Beginner Band,beginner-band,,2021 BMR December,2021-bmr-december,https://texasbandmasters.org/wp-content/uploads/2023/11/2021_12_chilton.pdf,https://texasbandmasters.org/document-library/
8177,Developing Latin Percussion Within Your Jazz Ensemble Rehearsal,Jazz,jazz,,2019 TBA Handout,2019-tba-handout,https://texasbandmasters.org/wp-content/uploads/2023/11/Developing-Latin-Percussion-Within-Your-Jazz-Ensemble-Rehearsal-Jose-Diaz.pdf,https://texasbandmasters.org/document-library/
12138,Developing Mallet Percussionists From Lesson One Through College: Keyboards are the KEY!,Pedagogy-Percussion,pedagogy-percussion-2,Dr. Stephen Crawford,2004 TBA Handout,2004-tba-handout,https://texasbandmasters.org/wp-content/uploads/2023/11/2004-crawford1.pdf,https://texasbandmasters.org/document-library/
8805,Developing Middle School Ensemble Sound: a Multi-Year Guide,Pedagogy-Ensemble,pedagogy-ensemble-2,,2015 TBA Handout,2015-tba-handout,https://texasbandmasters.org/wp-content/uploads/2023/11/2015_johnstone.pdf,https://texasbandmasters.org/document-library/
7771,Developing Music Literacy in Beginning Band,Beginner Band,beginner-band,,2021 TBA Handout,2021-tba-handout,https://texasbandmasters.org/wp-content/uploads/2023/11/2021_Chilton.pdf,https://texasbandmasters.org/document-library/
11934,Developing Outstanding High School Percussionists,Pedagogy-Percussion,pedagogy-percussion-2,Daniel Fyffe,2003 TBA Handout,2003-tba-handout,https://texasbandmasters.org/wp-content/uploads/2026/01/2003-fyffe1.pdf,https://texasbandmasters.org/document-library/
9225,Developing Positive Practice Habits – The Pathway to Quality Music Making,Pedagogy,pedagogy,,2012 BMR December,2012-bmr-december,https://texasbandmasters.org/wp-content/uploads/2023/11/2012-12-lautzenheiser.pdf,https://texasbandmasters.org/document-library/
11730,Developing Sensitive Players,Pedagogy,pedagogy,Amanda Drinkwater,2025 BMR January,2025-bmr-january,https://texasbandmasters.org/wp-content/uploads/2026/01/2025_1_Drinkwater.pdf,https://texasbandmasters.org/document-library/
8518,Developing Sight-reading Skills Year Round,Pedagogy-Ensemble,pedagogy-ensemble-2,,2017 BMR September,2017-bmr-september,https://texasbandmasters.org/wp-content/uploads/2023/11/2017-09-burk.pdf,https://texasbandmasters.org/document-library/
8551,Developing Sight-Reading Throughout the Year,Pedagogy-Ensemble,pedagogy-ensemble-2,,2017 TBA Handout,2017-tba-handout,https://texasbandmasters.org/wp-content/uploads/2023/11/Burk-Asa-Developing-Sight-Reading-Throughout-the-Year.pdf,https://texasbandmasters.org/document-library/
9008,Developing Skills for Your Marching Band,Marching Band,marching-band,,2014 TBA Handout,2014-tba-handout,https://texasbandmasters.org/wp-content/uploads/2023/11/Lipman-Barnes-Rosenberg-Sharps-Developing-Skills-for-Your-Marching-Band.pdf,https://texasbandmasters.org/document-library/
8124,"Developing Social-Emotional Leadership in Band: Think, Act, Reflect",Program Management,program-management,,2022 BMR September,2022-bmr-september,https://texasbandmasters.org/wp-content/uploads/2023/10/2022_9_kick.pdf,https://texasbandmasters.org/document-library/
11924,Developing Successful Band Programs in Disadvantged Areas,Title I,title-i,Ruben Adame,2003 TBA Handout,2003-tba-handout,https://texasbandmasters.org/wp-content/uploads/2026/01/2003-adame1.pdf,https://texasbandmasters.org/document-library/
12137,Developing Successful Middle School Bands Through Daily Ensemble Drill,Pedagogy-Ensemble,pedagogy-ensemble-2,"Bethann Adams , Greg Countryman , Joe Pruitt",2004 TBA Handout,2004-tba-handout,https://texasbandmasters.org/wp-content/uploads/2023/11/2004-adams.pdf,https://texasbandmasters.org/document-library/
8086,Developing Superior High School Non-Varsity Bands,Program Management,program-management,,2022 TBA Handout,2022-tba-handout,https://texasbandmasters.org/wp-content/uploads/2023/10/2022_collins.pdf,https://texasbandmasters.org/document-library/
11956,Developing the Advanced Saxophone Performer,Pedagogy-Woodwind,pedagogy-woodwind-2,Scott Plugge,2003 TBA Handout,2003-tba-handout,https://texasbandmasters.org/wp-content/uploads/2026/01/2003-plugge1.pdf,https://texasbandmasters.org/document-library/
9505,Developing the Clarinet Section Through the Use of the Clarinet Ensemble,Pedagogy-Woodwind,pedagogy-woodwind-2,,2010 TBA Handout,2010-tba-handout,https://texasbandmasters.org/wp-content/uploads/2023/11/2010-whitman.pdf,https://texasbandmasters.org/document-library/
9665,Developing the Dynamic Marching Band,Marching Band,marching-band,,2008 TBA Handout,2008-tba-handout,https://texasbandmasters.org/wp-content/uploads/2023/11/2008-markworth1.pdf,https://texasbandmasters.org/document-library/
9089,Developing the Individual Musician in Section Rehearsals,Pedagogy,pedagogy,,2013 BMR December,2013-bmr-december,https://texasbandmasters.org/wp-content/uploads/2023/11/2013-12-royall.pdf,https://texasbandmasters.org/document-library/
9152,Developing the Individual Musician-In Section Rehearsals!,Pedagogy,pedagogy,,2013 TBA Handout,2013-tba-handout,https://texasbandmasters.org/wp-content/uploads/2023/11/2013_royall.pdf,https://texasbandmasters.org/document-library/
8892,Developing the Leaders of Tomorrow,Student Leadership,student-leadership,,2015 BMR December,2015-bmr-december,https://texasbandmasters.org/wp-content/uploads/2023/11/2015-12-gilmore.pdf,https://texasbandmasters.org/document-library/
8179,Developing the Moment,Marching Band,marching-band,,2019 TBA Handout,2019-tba-handout,https://texasbandmasters.org/wp-content/uploads/2023/11/Developing-the-Moment-Bryan-Christian-and-staff.pdf,https://texasbandmasters.org/document-library/
9272,Developing The Sound and The Language of Jazz,Jazz,jazz,,2012 TBA Handout,2012-tba-handout,https://texasbandmasters.org/wp-content/uploads/2023/11/2012_young.pdf,https://texasbandmasters.org/document-library/
8553,Developing the Successful High School Non-Varsity Band,General,general,,2017 TBA Handout,2017-tba-handout,https://texasbandmasters.org/wp-content/uploads/2023/11/Carroll-John-Suggs-Amy-Telles-Marc-Developing-the-Successful-HS-Non-Varsity-Band.pdf,https://texasbandmasters.org/document-library/
11877,Developing Tuba & Euphonium Players in the Beginner Year,Beginner Band-Brass,beginner-band-brass-2,"Adam Powell , Brad Smith",2025 BMR September,2025-bmr-september,https://texasbandmasters.org/wp-content/uploads/2026/01/2025_9_Smith_Powell.pdf,https://texasbandmasters.org/document-library/
9010,Developing Your Color Guard,Marching Guard,marching-guard-2,,2014 TBA Handout,2014-tba-handout,https://texasbandmasters.org/wp-content/uploads/2023/11/Pemberton-Perrine-Developing-Your-Color-Guard.pdf,https://texasbandmasters.org/document-library/
8004,Developing Your Individual Oboists and Oboe Section: Ensemble Essentials for the Non-Oboist Band Director,Beginner Band-Woodwind,beginner-band-woodwind-2,,2023 TBA Handout,2023-tba-handout,https://texasbandmasters.org/wp-content/uploads/2023/10/2023_finnigan.pdf,https://texasbandmasters.org/document-library/
9012,Developing Your Marching Percussion Section,Marching Percussion,marching-percussion-2,,2014 TBA Handout,2014-tba-handout,https://texasbandmasters.org/wp-content/uploads/2023/11/Stern-Hartman-Developing-Your-Marching-Percussion-Section.pdf,https://texasbandmasters.org/document-library/
12136,Developing Your Middle School Euphonium Section,Pedagogy-Brass,pedagogy-brass-2,Heather Kirschner,2004 TBA Handout,2004-tba-handout,https://texasbandmasters.org/wp-content/uploads/2023/11/2004-kirschner1.pdf,https://texasbandmasters.org/document-library/
8732,Developing Your Modern Jazz Ensemble through Traditional Jazz Music,Jazz,jazz,,2016 TBA Handout,2016-tba-handout,https://texasbandmasters.org/wp-content/uploads/2023/11/Cuellar-Developing-Your-Modern-jazz-Ensemble-Through-Traditional-Jazz-Music.pdf,https://texasbandmasters.org/document-library/
7949,Different Doesn’t Mean Worse,General,general,,2020 BMR December,2020-bmr-december,https://texasbandmasters.org/wp-content/uploads/2023/11/2020_12_morrison.pdf,https://texasbandmasters.org/document-library/
8055,Directing Band WITH Technology OR: How a few apps can totally transform your teaching!,Technology,technology,,2023 BMR January,2023-bmr-january,https://texasbandmasters.org/wp-content/uploads/2023/10/2023_1_hargreaves.pdf,https://texasbandmasters.org/document-library/
8137,Directing Band WITH Technology Or: How I learned to be organized and so can you! – Part 2,Technology,technology,,2022 BMR June,2022-bmr-june,https://texasbandmasters.org/wp-content/uploads/2023/10/2022_6_hargreaves.pdf,https://texasbandmasters.org/document-library/
8142,Directing Band WITH Technology OR: How I Learned To Stop Stressing and Embrace Automation,Technology,technology,,2022 BMR April,2022-bmr-april,https://texasbandmasters.org/wp-content/uploads/2023/10/2022_4_hargreaves.pdf,https://texasbandmasters.org/document-library/
8125,Directing Band WITH Technology OR: How Spreadsheet Magic Helped My Organizational Skills!,Technology,technology,,2022 BMR September,2022-bmr-september,https://texasbandmasters.org/wp-content/uploads/2023/10/2022_9_hargreaves.pdf,https://texasbandmasters.org/document-library/
9616,Discover the Strengths of Your Small Band Program,Motivation/Inspiration,motivation-inspiration,,2008 BMR June,2008-bmr-june,https://texasbandmasters.org/wp-content/uploads/2023/11/2008-06-gilmore1.pdf,https://texasbandmasters.org/document-library/
12083,Do You Really Want or Need a Jazz Band?,Jazz,jazz,Ronnie Rios,2004 BMR March,2004-bmr-march,https://texasbandmasters.org/wp-content/uploads/2023/11/2004-03-rios1.pdf,https://texasbandmasters.org/document-library/
8282,Does Change Have To Be Hard?,General,general,,2019 BMR June,2019-bmr-june,https://texasbandmasters.org/wp-content/uploads/2023/11/2019_06_vandewalker.pdf,https://texasbandmasters.org/document-library/
9091,Does Your Band C.A.R.E.?,Motivation/Inspiration,motivation-inspiration,,2013 BMR December,2013-bmr-december,https://texasbandmasters.org/wp-content/uploads/2023/11/2013-12-lautzenheiser.pdf,https://texasbandmasters.org/document-library/
7773,Doing “Within” When You’re Doing “Without”,Pedagogy-Ensemble,pedagogy-ensemble-2,,2021 TBA Handout,2021-tba-handout,https://texasbandmasters.org/wp-content/uploads/2023/11/2021_Owens.pdf,https://texasbandmasters.org/document-library/
8415,Doing “Within” When You’re Doing “Without”! Practical Scoring Solutions for Small Bands,Pedagogy-Ensemble,pedagogy-ensemble-2,,2018 TBA Handout,2018-tba-handout,https://texasbandmasters.org/wp-content/uploads/2023/11/Doing-Within-When-You-re-Doing-Without-Practical-Scoring-Solutions-for-Small-Bands-Owens.pdf,https://texasbandmasters.org/document-library/
9274,Doing More with Less,General,general,,2012 TBA Handout,2012-tba-handout,https://texasbandmasters.org/wp-content/uploads/2023/11/2012_rhodes.pdf,https://texasbandmasters.org/document-library/
8935,Doing Things Better Than We Think They Need To Be Done,Motivation/Inspiration,motivation-inspiration,,2014 BMR April,2014-bmr-april,https://texasbandmasters.org/wp-content/uploads/2023/11/2014-04-lautzenheiser.pdf,https://texasbandmasters.org/document-library/
9452,Don’t Just Warm-up: Use this time for Ensemble Skill Development as well. It’s not just Concert F anymore!,Pedagogy-Ensemble,pedagogy-ensemble-2,,2010 BMR June,2010-bmr-june,https://texasbandmasters.org/wp-content/uploads/2023/11/2010-06-bennett.pdf,https://texasbandmasters.org/document-library/
8087,Drumset 101-Everything They Need To Know!,Jazz,jazz,,2022 TBA Handout,2022-tba-handout,https://texasbandmasters.org/wp-content/uploads/2023/10/2022_astorga.pdf,https://texasbandmasters.org/document-library/
9935,Duct Tape is for Ducts! Tuning Concepts for the School Percussion Section,Pedagogy-Percussion,pedagogy-percussion-2,,2005 TBA Handout,2005-tba-handout,https://texasbandmasters.org/wp-content/uploads/2023/11/2005-mulvihill1.pdf,https://texasbandmasters.org/document-library/
9276,Easy Chord Identification & Improvisation Suggestions,Jazz,jazz,,2012 TBA Handout,2012-tba-handout,https://texasbandmasters.org/wp-content/uploads/2023/11/2012_disantis.pdf,https://texasbandmasters.org/document-library/
9399,Editing the Quickstep March: A common Sense Approach,Conducting/Literature/Artistry,conducting-literature-artistry,,2011 TBA Handout,2011-tba-handout,https://texasbandmasters.org/wp-content/uploads/2023/11/2011_ward.pdf,https://texasbandmasters.org/document-library/
10614,"Educate, Collaborate, and Advocate!",General,general,,2024 TBA Handout,2024-tba-handout,https://texasbandmasters.org/wp-content/uploads/2024/08/Educate-Collaborate-and-Advocate.pdf,https://texasbandmasters.org/document-library/
8264,"Effecting Today’s Music Students… Generally, with Technology",Technology,technology,,2019 BMR December,2019-bmr-december,https://texasbandmasters.org/wp-content/uploads/2023/11/2019_12_vela.pdf,https://texasbandmasters.org/document-library/
8555,Effective Jazz Ensemble Rehearsal Techniques,Jazz,jazz,,2017 TBA Handout,2017-tba-handout,https://texasbandmasters.org/wp-content/uploads/2023/11/Eckert-Joe-Effetive-Jazz-Ensemble-Rehearsal-Techniques.pdf,https://texasbandmasters.org/document-library/
8006,"Effective MS/JH Warm-up and Rehearsal Procedures, Strategies and Techniques",Pedagogy-Ensemble,pedagogy-ensemble-2,,2023 TBA Handout,2023-tba-handout,https://texasbandmasters.org/wp-content/uploads/2023/10/2023_benzer.pdf,https://texasbandmasters.org/document-library/
11784,Effective Use and Balance of Electronics in Marching Band,Marching Band,marching-band,Richard Saucedo,2025 TBA Handout,2025-tba-handout,https://texasbandmasters.org/wp-content/uploads/2026/01/Effective-Use-and-Balance-of-Electronics-in-Marching-Band-Clinician-Richard-Saucedo.pdf,https://texasbandmasters.org/document-library/
9667,Effective Use of Clinician/Mentors in Your Band Program,General,general,,2008 TBA Handout,2008-tba-handout,https://texasbandmasters.org/wp-content/uploads/2023/11/2008-vaughnwhitwell1.pdf,https://texasbandmasters.org/document-library/
9154,Effective Use of Electronics in the Front Ensemble: Let’s Take a Look Under the Hood,Marching Percussion,marching-percussion-2,,2013 TBA Handout,2013-tba-handout,https://texasbandmasters.org/wp-content/uploads/2023/11/2013_mcgillen_brennan.pdf,https://texasbandmasters.org/document-library/
11786,Efficiency in the Marching Band Rehearsal,Marching Band,marching-band,"Brittany Robinett , Spencer Emmert , Zachary Griffin",2025 TBA Handout,2025-tba-handout,https://texasbandmasters.org/wp-content/uploads/2026/01/Efficiency-in-the-Marching-Band-Rehearsal-Clinicians-Spencer-Emmert-Zachary-Griffin-Brittany-Robinett.pdf,https://texasbandmasters.org/document-library/
9278,Efficient Teaching Through Effective Planning and Technology,Marching Band; Technology,marching-band; technology,,2012 TBA Handout,2012-tba-handout,https://texasbandmasters.org/wp-content/uploads/2023/11/2012_vandoren.pdf,https://texasbandmasters.org/document-library/
8336,Elevate Your Level of READINESS: A Method for Effective Score Study,Pedagogy,pedagogy,,2018 BMR April,2018-bmr-april,https://texasbandmasters.org/wp-content/uploads/2023/11/2018-04-richardson.pdf,https://texasbandmasters.org/document-library/
8250,Eleven Thoughts of Beginning Clarinet,Beginner Band-Woodwind,beginner-band-woodwind-2,,2019 BMR April,2019-bmr-april,https://texasbandmasters.org/wp-content/uploads/2023/11/2019_04_omeara.pdf,https://texasbandmasters.org/document-library/
9215,Empowering Booster Volunteers: Fill Their Bucket with a Standing O,Boosters,boosters,,2012 BMR April,2012-bmr-april,https://texasbandmasters.org/wp-content/uploads/2023/11/2012-04-vandewalker.pdf,https://texasbandmasters.org/document-library/
11879,Empowering Effective Communication with Administrators,Program Management,program-management,"Chris Bailey , John Alstrin",2025 BMR September,2025-bmr-september,https://texasbandmasters.org/wp-content/uploads/2026/01/2025_9_Alstrin_Bailey.pdf,https://texasbandmasters.org/document-library/
9401,Empowering the Ensemble: The T.I.E. Approach,Featured Clinician; Pedagogy-Ensemble,featured-clinician; pedagogy-ensemble-2,,2011 TBA Handout,2011-tba-handout,https://texasbandmasters.org/wp-content/uploads/2023/11/2011_crider_1.pdf,https://texasbandmasters.org/document-library/
12337,Ending to Begin: A Middle School Director’s Guide to a Seamless Year-End Transition,Program Management,program-management,Darcy Vogt Williams,2026 BMR April,2026-bmr-april,,https://texasbandmasters.org/document-library/
9014,Engaging the Beginning Clarinet Student,Beginner Band-Woodwind,beginner-band-woodwind-2,,2014 TBA Handout,2014-tba-handout,https://texasbandmasters.org/wp-content/uploads/2023/11/Payne-Teaching-Beginner-Clarinets.pdf,https://texasbandmasters.org/document-library/
9634,Engaging the Beginning Clarinet Student: The trick is to make it feel easy!,Beginner Band-Woodwind,beginner-band-woodwind-2,,2008 BMR September,2008-bmr-september,https://texasbandmasters.org/wp-content/uploads/2023/11/2008-09-payne.pdf,https://texasbandmasters.org/document-library/
8734,Enhancing Musicianship Through Percussion: An Approach To Teaching Non-percussionists Performing In Your Marching Percussion Section,Marching Percussion,marching-percussion-2,,2016 TBA Handout,2016-tba-handout,https://texasbandmasters.org/wp-content/uploads/2023/11/Hassler-Kumor-Enhancing-MusicianshipThrough-Percussion-Teaching-Non-Percussionists-Performing-in-Your-Marching-Percussion-Section.pdf,https://texasbandmasters.org/document-library/
11822,Enhancing Performance Vocabulary Through Targeted Supplemental Materials,Pedagogy,pedagogy,"Alicia DeSoto , Chris Meredith , Ross Patterson",2025 TBA Handout,2025-tba-handout,https://texasbandmasters.org/wp-content/uploads/2026/01/Enhancing-Performance-Vocabulary-Through-Targeted-Supplemental-Materials-Clinicians-Alicia-DeSoto-Chris-Meredith-Ross-Patterson.pdf,https://texasbandmasters.org/document-library/
10616,Enhancing the Band Hall Experience with TonalEnergy,Technology,technology,,2024 TBA Handout,2024-tba-handout,https://texasbandmasters.org/wp-content/uploads/2024/08/Enhancing-the-Band-Hall-Experience-with-TonalEnergy.pdf,https://texasbandmasters.org/document-library/
8807,Ensemble Concepts for the Marching Percussion Section,Marching Percussion,marching-percussion-2,,2015 TBA Handout,2015-tba-handout,https://texasbandmasters.org/wp-content/uploads/2023/11/2015_trigg.pdf,https://texasbandmasters.org/document-library/
9507,Ensemble Skill Development Bands 1 to 3 Years Experience,Featured Clinician; Pedagogy-Ensemble,featured-clinician; pedagogy-ensemble-2,,2010 TBA Handout,2010-tba-handout,https://texasbandmasters.org/wp-content/uploads/2023/11/2010-bennetta.pdf,https://texasbandmasters.org/document-library/
9509,Ensemble Skill Development Young Bands,Featured Clinician; Pedagogy-Ensemble,featured-clinician; pedagogy-ensemble-2,,2010 TBA Handout,2010-tba-handout,https://texasbandmasters.org/wp-content/uploads/2023/11/2010-bennettc.pdf,https://texasbandmasters.org/document-library/
9511,Ensemble Skill Development-Advanced Bands and Patient/Persistent Directors,Featured Clinician; Pedagogy-Ensemble,featured-clinician; pedagogy-ensemble-2,,2010 TBA Handout,2010-tba-handout,https://texasbandmasters.org/wp-content/uploads/2023/11/2010-bennettb.pdf,https://texasbandmasters.org/document-library/
8181,Establishing Priorities While Teaching Beginning Wind Instruments,Beginner Band,beginner-band,,2019 TBA Handout,2019-tba-handout,https://texasbandmasters.org/wp-content/uploads/2023/11/Establishing-Priorities-While-Teaching-Beginning-Wind-Instruments-John-Benzer.pdf,https://texasbandmasters.org/document-library/
9374,Everyday Rehearsing,Pedagogy,pedagogy,,2011 BMR December,2011-bmr-december,https://texasbandmasters.org/wp-content/uploads/2023/11/2011-12-nail.pdf,https://texasbandmasters.org/document-library/
8292,Excellence Defined,General,general,,2019 BMR September,2019-bmr-september,https://texasbandmasters.org/wp-content/uploads/2023/11/2019_09_montgomery.pdf,https://texasbandmasters.org/document-library/
8183,Excellence in the Small School Band Program,Small School,small-school,,2019 TBA Handout,2019-tba-handout,https://texasbandmasters.org/wp-content/uploads/2023/11/Excellence-in-the-Small-School-Band-Program-Chris-Clifton-Randy-Jones-Jason-Smith-Kristen-Thompson.pdf,https://texasbandmasters.org/document-library/
8056,EXCELLENCE: THERE IS NO SUBSTITUTE!,Motivation/Inspiration,motivation-inspiration,,2023 BMR January,2023-bmr-january,https://texasbandmasters.org/wp-content/uploads/2023/10/2023_1_lautzenheiser.pdf,https://texasbandmasters.org/document-library/
7887,Exploring Motivation and Goals to Enhance Student Success,Motivation/Inspiration,motivation-inspiration,,2021 BMR September,2021-bmr-september,https://texasbandmasters.org/wp-content/uploads/2023/11/2021_9_gibbs.pdf,https://texasbandmasters.org/document-library/
8346,Exploring the Process of Vertical Tuning,Pedagogy-Ensemble,pedagogy-ensemble-2,,2018 BMR December,2018-bmr-december,https://texasbandmasters.org/wp-content/uploads/2023/11/2018-12-saucedo.pdf,https://texasbandmasters.org/document-library/
9708,Express-Speed Reed Balancing,Pedagogy-Woodwind,pedagogy-woodwind-2,,2007 BMR March,2007-bmr-march,https://texasbandmasters.org/wp-content/uploads/2023/11/2007-03-gingras1.pdf,https://texasbandmasters.org/document-library/
9280,Expressive Conducting–Creating Your Musical Gesture,Conducting/Literature/Artistry; Featured Clinician,conducting-literature-artistry; featured-clinician,,2012 TBA Handout,2012-tba-handout,https://texasbandmasters.org/wp-content/uploads/2023/11/2012_sedatole_1.pdf,https://texasbandmasters.org/document-library/
10618,Fall Factory Reset: Picking Up Where We Left Off,Middle School; Pedagogy,middle-school; pedagogy,,2024 TBA Handout,2024-tba-handout,https://texasbandmasters.org/wp-content/uploads/2024/08/Fall-Factory-Reset-Picking-Up-Where-We-Left-Off.pdf,https://texasbandmasters.org/document-library/
8520,Female+Male Student Leadership in Band,General,general,,2017 BMR September,2017-bmr-september,https://texasbandmasters.org/wp-content/uploads/2023/11/2017-09-kick.pdf,https://texasbandmasters.org/document-library/
12073,Festival Preparation: Part 1 – Selecting the Ensemble’s Music,Pedagogy,pedagogy,Carl A. Bly,2004 BMR June,2004-bmr-june,https://texasbandmasters.org/wp-content/uploads/2023/11/2004-06-bittman1.pdf,https://texasbandmasters.org/document-library/
12063,Festival Preparation: Part II – Preparing the Selected Works,Pedagogy,pedagogy,Carl A. Bly,2004 BMR September,2004-bmr-september,https://texasbandmasters.org/wp-content/uploads/2023/11/2004-09-bly1.pdf,https://texasbandmasters.org/document-library/
8557,Figures in the Garden,Conducting/Literature/Artistry,conducting-literature-artistry,,2017 TBA Handout,2017-tba-handout,https://texasbandmasters.org/wp-content/uploads/2023/11/Wyman-Richard-Figures-in-the-Garden.pdf,https://texasbandmasters.org/document-library/
11881,Find Your Mentor(s),General,general,"Chris Clifton , Sergeant at Arms",2025 BMR September,2025-bmr-september,https://texasbandmasters.org/wp-content/uploads/2026/01/2025_9_Clifton.pdf,https://texasbandmasters.org/document-library/
7889,Find Your SILVER LINING,Motivation/Inspiration,motivation-inspiration,,2021 BMR September,2021-bmr-september,https://texasbandmasters.org/wp-content/uploads/2023/11/2021_9_dillard.pdf,https://texasbandmasters.org/document-library/
9379,Finding the Future in the Midst of the Storm,General,general,,2011 BMR June,2011-bmr-june,https://texasbandmasters.org/wp-content/uploads/2023/11/2011-6-mcinturf.pdf,https://texasbandmasters.org/document-library/
7925,First Chair to Last Chair: Developing and Regenerating Buy-in for Non-Varsity and Sub Non-Varsity Bands,Pedagogy-Ensemble,pedagogy-ensemble-2,,2020 TBA Handout,2020-tba-handout,https://texasbandmasters.org/wp-content/uploads/2023/11/2020_patterson.pdf,https://texasbandmasters.org/document-library/
11958,First Year Teaching Survival 101,General,general,Charlotte Royall,2003 TBA Handout,2003-tba-handout,https://texasbandmasters.org/wp-content/uploads/2026/01/2003-royall1.pdf,https://texasbandmasters.org/document-library/
9016,First Year…First Steps…Magic!,Beginner Band,beginner-band,,2014 TBA Handout,2014-tba-handout,https://texasbandmasters.org/wp-content/uploads/2023/11/Floyd-Fischer-First-Year-First-Steps-Magic.pdf,https://texasbandmasters.org/document-library/
10373,Five Star Reviews – Keeping Students Engaged,Recruiting/Retention,recruiting-retention,,2024 BMR April,2024-bmr-april,https://texasbandmasters.org/wp-content/uploads/2024/04/2024_4_Drinkwater.pdf,https://texasbandmasters.org/document-library/
8559,Flower Mound High School Color Guard Clinic,Marching Guard,marching-guard-2,,2017 TBA Handout,2017-tba-handout,https://texasbandmasters.org/wp-content/uploads/2023/11/Martin-William-Flower-Mound-High-School-Color-Guard-Clinic.pdf,https://texasbandmasters.org/document-library/
11824,Flute Hacks: Advanced Flute Pedagogy,Pedagogy-Woodwind,pedagogy-woodwind-2,"Dulce Rodriguez , Jennfer Villarreal",2025 TBA Handout,2025-tba-handout,https://texasbandmasters.org/wp-content/uploads/2026/01/Flute-Hacks-Advanced-Flute-Pedagogy-Clinicians-Dulce-Rodriguez-Jennfer-Villarreal.pdf,https://texasbandmasters.org/document-library/
8007,Flute Hacks! A Cheat Sheet for Beginner Flute,Beginner Band-Woodwind,beginner-band-woodwind-2,,2023 TBA Handout,2023-tba-handout,https://texasbandmasters.org/wp-content/uploads/2023/10/2023_rodriguez.pdf,https://texasbandmasters.org/document-library/
9113,Flute is Not a Four Letter Word Tips for instruction in the classroom setting and beyond,Pedagogy-Woodwind,pedagogy-woodwind-2,,2013 BMR September,2013-bmr-september,https://texasbandmasters.org/wp-content/uploads/2023/11/2013-09-blackburn.pdf,https://texasbandmasters.org/document-library/
9156,Flute is Not a Four-Letter Word,Pedagogy-Woodwind,pedagogy-woodwind-2,,2013 TBA Handout,2013-tba-handout,https://texasbandmasters.org/wp-content/uploads/2023/11/2013_blackburn.pdf,https://texasbandmasters.org/document-library/
8959,Focusing on Your Students’ Potential,Motivation/Inspiration,motivation-inspiration,,2014 BMR June,2014-bmr-june,https://texasbandmasters.org/wp-content/uploads/2023/11/2014-06-gilmore.pdf,https://texasbandmasters.org/document-library/
8945,Forming a Single Lip Clarinet Embouchure,Pedagogy-Woodwind,pedagogy-woodwind-2,,2014 BMR December,2014-bmr-december,https://texasbandmasters.org/wp-content/uploads/2023/11/2014-12-paglialonga.pdf,https://texasbandmasters.org/document-library/
8417,Foundations for Fantastic Flutes,Beginner Band-Woodwind,beginner-band-woodwind-2,,2018 TBA Handout,2018-tba-handout,https://texasbandmasters.org/wp-content/uploads/2023/10/Foundations-for-Fantastic-Flutes-DeSoto-Lewis-Neugent.pdf,https://texasbandmasters.org/document-library/
8252,Foundations for Good Practicing Habits,Pedagogy,pedagogy,,2019 BMR April,2019-bmr-april,https://texasbandmasters.org/wp-content/uploads/2023/11/2019_04_guenther.pdf,https://texasbandmasters.org/document-library/
9937,Foundations for Success: Technical Training for the Young Bassoonist,Beginner Band-Woodwind,beginner-band-woodwind-2,,2005 TBA Handout,2005-tba-handout,https://texasbandmasters.org/wp-content/uploads/2023/11/2005-huddleston.pdf,https://texasbandmasters.org/document-library/
7775,From Beginner Band to The Marching Field,Marching Band,marching-band,,2021 TBA Handout,2021-tba-handout,https://texasbandmasters.org/wp-content/uploads/2023/11/2021_Bird.pdf,https://texasbandmasters.org/document-library/
8008,From Beginning to End: The Middle School Band Experience,Pedagogy-Ensemble,pedagogy-ensemble-2,,2023 TBA Handout,2023-tba-handout,https://texasbandmasters.org/wp-content/uploads/2023/10/2023_herrings.pdf,https://texasbandmasters.org/document-library/
8809,From Concept to Contest: Creating a Successful Marching Program,Marching Band,marching-band,,2015 TBA Handout,2015-tba-handout,https://texasbandmasters.org/wp-content/uploads/2023/11/2015_brewer.pdf,https://texasbandmasters.org/document-library/
8185,From Greenwillow to Green Bushes in Five Years,Program Management,program-management,,2019 TBA Handout,2019-tba-handout,https://texasbandmasters.org/wp-content/uploads/2023/11/From-Greenwillow-to-Green-Bushes-in-Five-Years-Nathaniel-Neugent.pdf,https://texasbandmasters.org/document-library/
7777,From Hollywood Squares to Band Hall Chairs: Meeting Your Students Where They Are!,Pedagogy-Ensemble,pedagogy-ensemble-2,,2021 TBA Handout,2021-tba-handout,https://texasbandmasters.org/wp-content/uploads/2023/11/2021_Herrings.pdf,https://texasbandmasters.org/document-library/
8736,From HORNific to HORNtastic – How to Start Your Beginner French Horns,Pedagogy-Brass,pedagogy-brass-2,,2016 TBA Handout,2016-tba-handout,https://texasbandmasters.org/wp-content/uploads/2023/11/Humphrey-Scott-Wren-From-HORNific-to-HORNtastic-How-to-Start-Your-Beginner-French-Horns.pdf,https://texasbandmasters.org/document-library/
11826,From Lawn Mower to Seed Sower: Cultivating Positive Parent Relationships,Program Management,program-management,Loren Taylor,2025 TBA Handout,2025-tba-handout,https://texasbandmasters.org/wp-content/uploads/2026/01/From-Lawn-Mower-to-Seed-Sower-Cultivating-Positive-Parent-Relationships-Clinician-Loren-Taylor.pdf,https://texasbandmasters.org/document-library/
12135,From Squeak to All-State (Mass Producing Incredible Clarinet Prodigies from Scratch!),Pedagogy-Woodwind,pedagogy-woodwind-2,"Jodie Rhodes , Tan Truong",2004 TBA Handout,2004-tba-handout,https://texasbandmasters.org/wp-content/uploads/2023/11/2004-rhodes1.pdf,https://texasbandmasters.org/document-library/
7863,From The Locker Room to the Band Hall: What We Can Learn From Master Coaches,Motivation/Inspiration,motivation-inspiration,,2021 BMR December,2021-bmr-december,https://texasbandmasters.org/wp-content/uploads/2023/11/2021_12_brumley.pdf,https://texasbandmasters.org/document-library/
8009,From the Podium to Percussion – Tips for the Non-Percussionist Band Director,Pedagogy-Percussion,pedagogy-percussion-2,,2023 TBA Handout,2023-tba-handout,https://texasbandmasters.org/wp-content/uploads/2023/10/2023_locke.pdf,https://texasbandmasters.org/document-library/
10147,From the Podium to Percussion – Tips for the Non-Percussionist Band Director,Pedagogy-Percussion,pedagogy-percussion-2,,2024 BMR January,2024-bmr-january,https://texasbandmasters.org/wp-content/uploads/2024/01/2024_1_locke-smit.pdf,https://texasbandmasters.org/document-library/
11942,From the Score to the Podium,Conducting/Literature/Artistry,conducting-literature-artistry,James F. Keene,2003 TBA Handout,2003-tba-handout,https://texasbandmasters.org/wp-content/uploads/2026/01/2003-keene1.pdf,https://texasbandmasters.org/document-library/
9440,From the Score to the Podium,Conducting/Literature/Artistry,conducting-literature-artistry,,2010 BMR December,2010-bmr-december,https://texasbandmasters.org/wp-content/uploads/2023/11/2010-12-keene.pdf,https://texasbandmasters.org/document-library/
8811,Fundamental Concepts for Marching Band,Marching Band,marching-band,,2015 TBA Handout,2015-tba-handout,https://texasbandmasters.org/wp-content/uploads/2023/11/2015_sealy.pdf,https://texasbandmasters.org/document-library/
8738,Fundamental Freedoms: A Concise Approach to Saxophone Pedagogy for Musical Independence,Pedagogy-Woodwind,pedagogy-woodwind-2,,2016 TBA Handout,2016-tba-handout,https://texasbandmasters.org/wp-content/uploads/2023/11/Moanin-Frogs-Fundamental-Freedoms-Approach-to-Saxophone-Pedagogy.pdf,https://texasbandmasters.org/document-library/
8418,Fundamental Freedoms: A Concise Approach to Saxophone Pedagogy for Musical Independence,Pedagogy-Woodwind,pedagogy-woodwind-2,,2018 TBA Handout,2018-tba-handout,https://texasbandmasters.org/wp-content/uploads/2023/11/Fundamental-Freedoms-A-Concise-Approach-to-Saxophone-Pedagogy-The-Moanin-Frogs.pdf,https://texasbandmasters.org/document-library/
8010,Fundamental Strategies for the Beginning Jazz Improvisor,Jazz,jazz,,2023 TBA Handout,2023-tba-handout,https://texasbandmasters.org/wp-content/uploads/2023/10/2023_marmolejo.pdf,https://texasbandmasters.org/document-library/
11950,Fundamentals of Band Preparation,Pedagogy-Ensemble,pedagogy-ensemble-2,Tomoo Motozu,2003 TBA Handout,2003-tba-handout,https://texasbandmasters.org/wp-content/uploads/2026/01/2003-motozu1.pdf,https://texasbandmasters.org/document-library/
9454,Gaining the Upper Hand on Teaching the Right Hand for French Horn,Pedagogy-Brass,pedagogy-brass-2,,2010 BMR June,2010-bmr-june,https://texasbandmasters.org/wp-content/uploads/2023/11/2010-06-hilliard.pdf,https://texasbandmasters.org/document-library/
7965,Game On! Winning the Game of Covid-era Band Through Virtual Victories,Motivation/Inspiration,motivation-inspiration,,2020 BMR September,2020-bmr-september,https://texasbandmasters.org/wp-content/uploads/2023/11/2020_09_lewis_bell-1.pdf,https://texasbandmasters.org/document-library/
8088,Get em and Keep em! Recruitment and Retention Success,Recruiting/Retention,recruiting-retention,,2022 TBA Handout,2022-tba-handout,https://texasbandmasters.org/wp-content/uploads/2023/10/2022_devall.pdf,https://texasbandmasters.org/document-library/
8011,Get Excited! Motivate and Remediate Your Middle School Non-Varsity Band,Motivation/Inspiration,motivation-inspiration,,2023 TBA Handout,2023-tba-handout,https://texasbandmasters.org/wp-content/uploads/2023/10/2023_garcia.pdf,https://texasbandmasters.org/document-library/
9378,Get Inside the Box-amd Win!,Motivation/Inspiration,motivation-inspiration,,2011 BMR June,2011-bmr-june,https://texasbandmasters.org/wp-content/uploads/2023/11/2011-6-gilmore.pdf,https://texasbandmasters.org/document-library/
11828,Get Lit! Crafting Your Perfect Literature Lineup,Conducting/Literature/Artistry,conducting-literature-artistry,"Katie Lewis , Laura Bell",2025 TBA Handout,2025-tba-handout,https://texasbandmasters.org/wp-content/uploads/2026/01/Get-Lit-Crafting-Your-Perfect-Literature-Lineup-Clinicians-Katie-Lewis-Laura-Bell.pdf,https://texasbandmasters.org/document-library/
9158,Get Me Outta This Mess! Alternate Fingerings for Woodwinds in Special Situations,Pedagogy-Woodwind,pedagogy-woodwind-2,,2013 TBA Handout,2013-tba-handout,https://texasbandmasters.org/wp-content/uploads/2023/11/2013_allen_1.pdf,https://texasbandmasters.org/document-library/
9227,Getting “That Sound”,Pedagogy-Ensemble,pedagogy-ensemble-2,,2012 BMR December,2012-bmr-december,https://texasbandmasters.org/wp-content/uploads/2023/11/2012-12-brandon.pdf,https://texasbandmasters.org/document-library/
12057,Getting Back to the Concert Band Clarinet Section Sound Following Marching Season,Pedagogy-Woodwind,pedagogy-woodwind-2,Dr. James Gai,2004 BMR December,2004-bmr-december,https://texasbandmasters.org/wp-content/uploads/2023/11/2004-12-gai1.pdf,https://texasbandmasters.org/document-library/
12074,Getting it (to the) Right With the Horns,Pedagogy-Brass,pedagogy-brass-2,Dr. Howard Hilliard,2004 BMR June,2004-bmr-june,https://texasbandmasters.org/wp-content/uploads/2023/11/2004-06-hilliard1.pdf,https://texasbandmasters.org/document-library/
9160,"Getting on the Same Page, One Page at a Time",Program Management,program-management,,2013 TBA Handout,2013-tba-handout,https://texasbandmasters.org/wp-content/uploads/2023/11/2013_brumley_merrill.pdf,https://texasbandmasters.org/document-library/
9700,Getting Ready for an Audition,General,general,,2007 BMR September,2007-bmr-september,https://texasbandmasters.org/wp-content/uploads/2023/11/2007-09-stewart1.pdf,https://texasbandmasters.org/document-library/
9860,Getting Serious About R&R (Recruitment and Retention),Recruiting/Retention,recruiting-retention,,2005 BMR December,2005-bmr-december,https://texasbandmasters.org/wp-content/uploads/2023/11/2005-12-lautzenheiser1.pdf,https://texasbandmasters.org/document-library/
9513,Getting the Right Start to Your Year,General,general,,2010 TBA Handout,2010-tba-handout,https://texasbandmasters.org/wp-content/uploads/2023/11/2010-lambrecht.pdf,https://texasbandmasters.org/document-library/
9217,Getting To The Art Of The Matter,Conducting/Literature/Artistry,conducting-literature-artistry,,2012 BMR April,2012-bmr-april,https://texasbandmasters.org/wp-content/uploads/2023/11/2012-04-floyd.pdf,https://texasbandmasters.org/document-library/
8813,"Getting Your First Job: The Art of the Resume, Portfolio, and Interview",General,general,,2015 TBA Handout,2015-tba-handout,https://texasbandmasters.org/wp-content/uploads/2023/11/2015_warshaw.pdf,https://texasbandmasters.org/document-library/
8561,Giddy for Google Forms,Technology,technology,,2017 TBA Handout,2017-tba-handout,https://texasbandmasters.org/wp-content/uploads/2023/11/Nuckols-Britni-Giddy-for-Google-Forms.pdf,https://texasbandmasters.org/document-library/
9456,Give Yourself an “A”,Motivation/Inspiration,motivation-inspiration,,2010 BMR June,2010-bmr-june,https://texasbandmasters.org/wp-content/uploads/2023/11/2010-06-gilmore.pdf,https://texasbandmasters.org/document-library/
10620,GLAMplification 101: Getting the Most out of the Amplified Solos in your Marching Band,Marching Band,marching-band,,2024 TBA Handout,2024-tba-handout,https://texasbandmasters.org/wp-content/uploads/2024/08/GLAMplification-101-Getting-the-Most-out-of-the-Amplified-Solos-in-your-Marching-Band.pdf,https://texasbandmasters.org/document-library/
9387,Going the Extra Mile,Motivation/Inspiration,motivation-inspiration,,2011 BMR September,2011-bmr-september,https://texasbandmasters.org/wp-content/uploads/2023/11/2011-09-gilmore.pdf,https://texasbandmasters.org/document-library/
8187,Great Middle School Band Teams: How Successful Staffs Work Together on Campuses and Across Campuses,Program Management,program-management,,2019 TBA Handout,2019-tba-handout,https://texasbandmasters.org/wp-content/uploads/2023/11/Great-Middle-School-Band-Teams-Hanegan-Pascasio-Porter-Brandon.pdf,https://texasbandmasters.org/document-library/
9874,Great Practice Equals Great Performance,Pedagogy,pedagogy,,2005 BMR June,2005-bmr-june,https://texasbandmasters.org/wp-content/uploads/2023/11/2005-06-alley1.pdf,https://texasbandmasters.org/document-library/
10149,Growth Requires Change and Change Generates Growth,Motivation/Inspiration,motivation-inspiration,,2024 BMR January,2024-bmr-january,https://texasbandmasters.org/wp-content/uploads/2024/01/2024_1_lautzenheiser.pdf,https://texasbandmasters.org/document-library/
8012,Guardening 101: Growing an Effective Guard Program,Marching Guard,marching-guard-2,,2023 TBA Handout,2023-tba-handout,https://texasbandmasters.org/wp-content/uploads/2023/10/2023_jacobes.pdf,https://texasbandmasters.org/document-library/
9018,Guiding Students to Intonation Independence,Pedagogy,pedagogy,,2014 TBA Handout,2014-tba-handout,https://texasbandmasters.org/wp-content/uploads/2023/11/Schayot-Guiding-Students-to-Intonation-Independence.pdf,https://texasbandmasters.org/document-library/
8947,Guiding Students to Intonation Independence,Pedagogy-Ensemble,pedagogy-ensemble-2,,2014 BMR December,2014-bmr-december,https://texasbandmasters.org/wp-content/uploads/2023/11/2014-12-schayot.pdf,https://texasbandmasters.org/document-library/
9403,Guiding Your Band Program Through a Transition Year,General,general,,2011 TBA Handout,2011-tba-handout,https://texasbandmasters.org/wp-content/uploads/2023/11/2011_lambrecht.pdf,https://texasbandmasters.org/document-library/
9405,"Half the Time They’re Broken, Half the Time They Don’t Work Right",Program Management,program-management,,2011 TBA Handout,2011-tba-handout,https://texasbandmasters.org/wp-content/uploads/2023/11/2011_grigel.pdf,https://texasbandmasters.org/document-library/
9093,Halt! Please Step Away from the Bassoon!,Pedagogy-Woodwind,pedagogy-woodwind-2,,2013 BMR December,2013-bmr-december,https://texasbandmasters.org/wp-content/uploads/2023/11/2013-12-koch.pdf,https://texasbandmasters.org/document-library/
8266,Having a Long Term Vision of How To Structure Your Program (Part 1),Program Management,program-management,,2019 BMR December,2019-bmr-december,https://texasbandmasters.org/wp-content/uploads/2023/11/2019_12_neugent.pdf,https://texasbandmasters.org/document-library/
8815,Having a Successful Jazz Band within a Successful Band Program,Jazz,jazz,,2015 TBA Handout,2015-tba-handout,https://texasbandmasters.org/wp-content/uploads/2023/11/2015_flood.pdf,https://texasbandmasters.org/document-library/
8977,Having a Successful Marching Season Through Better Communication,Program Management,program-management,,2014 BMR September,2014-bmr-september,https://texasbandmasters.org/wp-content/uploads/2023/11/2014-09-gilmore.pdf,https://texasbandmasters.org/document-library/
9862,Healing: To the Beat of an Inner Drummer,Health/Wellness,health-wellness,,2005 BMR December,2005-bmr-december,https://texasbandmasters.org/wp-content/uploads/2023/11/2005-12-bittman1.pdf,https://texasbandmasters.org/document-library/
8420,Health and Wellness Concerns for Marching Band,Marching Band,marching-band,,2018 TBA Handout,2018-tba-handout,https://texasbandmasters.org/wp-content/uploads/2023/11/Health-and-Wellness-Concerns-for-Marching-Band-Lewis.pdf,https://texasbandmasters.org/document-library/
9103,Hear for a Lifetime,Health/Wellness,health-wellness,,2013 BMR June,2013-bmr-june,https://texasbandmasters.org/wp-content/uploads/2023/11/2013-06-travis.pdf,https://texasbandmasters.org/document-library/
9587,Help Students Have a Successful College Audition,General,general,,2009 TBA Handout,2009-tba-handout,https://texasbandmasters.org/wp-content/uploads/2023/11/2009-clark.pdf,https://texasbandmasters.org/document-library/
8189,Help! Summer Band Starts Next Week,Marching Band,marching-band,,2019 TBA Handout,2019-tba-handout,https://texasbandmasters.org/wp-content/uploads/2023/11/Help-Summer-Band-Starts-Next-Week-Bob-Chreste-Jeremy-Spicer.pdf,https://texasbandmasters.org/document-library/
9808,Helpful Marching Percussion Techniques – Bass Drums,Marching Percussion,marching-percussion-2,,2006 BMR March,2006-bmr-march,https://texasbandmasters.org/wp-content/uploads/2023/11/2006-03-viano1.pdf,https://texasbandmasters.org/document-library/
8902,"Helpful Recruiting Tools For Today’s Bands – The Use of iMovie, Movie Trailers and Good Ol’ DVDs",Recruiting/Retention,recruiting-retention,,2015 BMR June,2015-bmr-june,https://texasbandmasters.org/wp-content/uploads/2023/11/2015_june_esparza.pdf,https://texasbandmasters.org/document-library/
8817,"Helpful Recruiting Tools for Today’s Bands – The Use of iMovie, Movie Trailers, and the Good ol’ DVDs",Technology,technology,,2015 TBA Handout,2015-tba-handout,https://texasbandmasters.org/wp-content/uploads/2023/11/2015_esparza.pdf,https://texasbandmasters.org/document-library/
9876,Helping Your Trombone Section Play in Tune…,Pedagogy-Brass,pedagogy-brass-2,,2005 BMR June,2005-bmr-june,https://texasbandmasters.org/wp-content/uploads/2023/11/2005-06-scott1.pdf,https://texasbandmasters.org/document-library/
9407,"Here’s My Guard, What Do I Do With Them?",Marching Guard,marching-guard-2,,2011 TBA Handout,2011-tba-handout,https://texasbandmasters.org/wp-content/uploads/2023/11/2011_martinez.pdf,https://texasbandmasters.org/document-library/
12064,Here’s the PItch,Pedagogy-Woodwind,pedagogy-woodwind-2,Stan Garber,2004 BMR September,2004-bmr-september,https://texasbandmasters.org/wp-content/uploads/2023/11/2004-09-garber1.pdf,https://texasbandmasters.org/document-library/
8422,Heterogeneous Beginning Band,Beginner Band,beginner-band,,2018 TBA Handout,2018-tba-handout,https://texasbandmasters.org/wp-content/uploads/2023/11/Health-and-Wellness-Concerns-for-Marching-Band-Lewis.pdf,https://texasbandmasters.org/document-library/
9784,Hints for Directors and Judges to Make the Region Secretary Smile,General,general,,2006 BMR December,2006-bmr-december,https://texasbandmasters.org/wp-content/uploads/2023/11/2006-12-harrell1.pdf,https://texasbandmasters.org/document-library/
9628,Hints for the Band Ensemble,Pedagogy-Ensemble,pedagogy-ensemble-2,,2008 BMR March,2008-bmr-march,https://texasbandmasters.org/wp-content/uploads/2023/11/2008-03-esquivel1.pdf,https://texasbandmasters.org/document-library/
11883,Honoring the Past – Shaping the Future,General,general,Phil Clements Executive Director Designate,2025 BMR September,2025-bmr-september,https://texasbandmasters.org/wp-content/uploads/2026/01/2025_9_Clements.pdf,https://texasbandmasters.org/document-library/
11770,Horn-tastic Beginnings: Turning Struggles into Success,Beginner Band-Brass,beginner-band-brass-2,"Brittney Williams , Debra Vandergriff , Kathryn Andrade",2025 TBA Handout,2025-tba-handout,https://texasbandmasters.org/wp-content/uploads/2026/01/Horn-tastic-Beginnings-Turning-Struggles-into-Success-Clinicians-Kathryn-Andrade-Debra-Vandergriff-Brittney-Williams.pdf,https://texasbandmasters.org/document-library/
9764,"Horn: Playing, Teaching and Manufacturing",Pedagogy-Brass,pedagogy-brass-2,,2007 TBA Handout,2007-tba-handout,https://texasbandmasters.org/wp-content/uploads/2023/11/2007-lambrecht1.pdf,https://texasbandmasters.org/document-library/
10622,Hot Takes on Flute Non-Negotiables,Pedagogy-Woodwind,pedagogy-woodwind-2,,2024 TBA Handout,2024-tba-handout,https://texasbandmasters.org/wp-content/uploads/2024/08/Hot-Takes-on-Flute-Non-Negotiables.pdf,https://texasbandmasters.org/document-library/
9552,How Can a 21st Century Booster Club Make a Difference?,Boosters,boosters,,2009 BMR June,2009-bmr-june,https://texasbandmasters.org/wp-content/uploads/2023/11/2009-06-vandewalker.pdf,https://texasbandmasters.org/document-library/
9702,How Do We Learn?,Pedagogy,pedagogy,,2007 BMR September,2007-bmr-september,https://texasbandmasters.org/wp-content/uploads/2023/11/2007-09-lautzenheiser1.pdf,https://texasbandmasters.org/document-library/
8680,How Do You Make the Most of Time? The answer is right in front of our eyes!,Program Management,program-management,,2016 BMR December,2016-bmr-december,https://texasbandmasters.org/wp-content/uploads/2023/11/2016-12-lautzenheiser.pdf,https://texasbandmasters.org/document-library/
11830,How Embracing Routine Saved Me from Burnout,Health/Wellness,health-wellness,Eric Rath,2025 TBA Handout,2025-tba-handout,https://texasbandmasters.org/wp-content/uploads/2026/01/How-Embracing-Routine-Saved-Me-from-Burnout-Clinician-Eric-Rath.pdf,https://texasbandmasters.org/document-library/
11745,How Embracing Routine Saved me from Burnout,Health/Wellness,health-wellness,Eric Rath,2025 BMR April,2025-bmr-april,https://texasbandmasters.org/wp-content/uploads/2026/01/2025_4_Rath.pdf,https://texasbandmasters.org/document-library/
9282,How the Color Guard Can Enhance Your Musical Effect,Marching Guard,marching-guard-2,,2012 TBA Handout,2012-tba-handout,https://texasbandmasters.org/wp-content/uploads/2023/11/2012_howard.pdf,https://texasbandmasters.org/document-library/
9515,How to Attend College for Free (Almost!),General,general,,2010 TBA Handout,2010-tba-handout,https://texasbandmasters.org/wp-content/uploads/2023/11/2010-robb.pdf,https://texasbandmasters.org/document-library/
12134,How To Be a Successful Assistant Band Director,General,general,Pete Tolhuizen,2004 TBA Handout,2004-tba-handout,https://texasbandmasters.org/wp-content/uploads/2023/11/2004-tolhuizen1.pdf,https://texasbandmasters.org/document-library/
9920,How to Change a Timpani Head and Adjust the Pedal Tension,Pedagogy-Percussion,pedagogy-percussion-2,,2005 BMR September,2005-bmr-september,https://texasbandmasters.org/wp-content/uploads/2023/11/2005-09-curtis1.pdf,https://texasbandmasters.org/document-library/
8013,"How to Change the Drill Learning Process for You and Your Students Forever, No Matter What your Budget Is",Marching Band,marching-band,,2023 TBA Handout,2023-tba-handout,https://texasbandmasters.org/wp-content/uploads/2023/10/2023_atkinson.pdf,https://texasbandmasters.org/document-library/
12065,How to Communicate With Our Target Market,Motivation/Inspiration,motivation-inspiration,Dr. Tim Lautzenheiser,2004 BMR September,2004-bmr-september,https://texasbandmasters.org/wp-content/uploads/2023/11/2004-09-lautzenheiser1.pdf,https://texasbandmasters.org/document-library/
8423,"How to Get the Resources Needed for Your Program: Developing, Implementing, and Sustaining a 5 Year Plan",Program Management,program-management,,2018 TBA Handout,2018-tba-handout,https://texasbandmasters.org/wp-content/uploads/2023/11/How-to-Get-the-Resources-needed-for-Your-Program-5-Year-Plan-Johnson-Lemish.pdf,https://texasbandmasters.org/document-library/
7779,How to Get Your Double Reed Class off to a Successful Start,Beginner Band-Woodwind,beginner-band-woodwind-2,,2021 TBA Handout,2021-tba-handout,https://texasbandmasters.org/wp-content/uploads/2023/11/2021_Auerbach.pdf,https://texasbandmasters.org/document-library/
9718,How to Get Your Horn Section from The “Clamfest” to the Concert Hall,Pedagogy-Brass,pedagogy-brass-2,,2007 BMR June,2007-bmr-june,https://texasbandmasters.org/wp-content/uploads/2023/11/2007-06-lambrecht1.pdf,https://texasbandmasters.org/document-library/
8014,How to Grow Your Trombone Section Using the Trombone Choir,Pedagogy-Brass,pedagogy-brass-2,,2023 TBA Handout,2023-tba-handout,https://texasbandmasters.org/wp-content/uploads/2023/10/2023_bohls.pdf,https://texasbandmasters.org/document-library/
9409,How to Interview for a Band Director Position-What They Want to Hear,General,general,,2011 TBA Handout,2011-tba-handout,https://texasbandmasters.org/wp-content/uploads/2023/11/2011_hopkins.pdf,https://texasbandmasters.org/document-library/
8191,How to Plan and Structure Your Sectionals,Program Management,program-management,,2019 TBA Handout,2019-tba-handout,https://texasbandmasters.org/wp-content/uploads/2023/11/How-to-Plan-and-Structure-Your-Sectionals-Greg-Dick.pdf,https://texasbandmasters.org/document-library/
9939,How To Prepare Your Student To Audition For A Scholarship,General,general,,2005 TBA Handout,2005-tba-handout,https://texasbandmasters.org/wp-content/uploads/2023/11/2005-lefevre1.pdf,https://texasbandmasters.org/document-library/
8819,How to Purchase a New Band Uniform,Program Management,program-management,,2015 TBA Handout,2015-tba-handout,https://texasbandmasters.org/wp-content/uploads/2023/11/2015_mast.pdf,https://texasbandmasters.org/document-library/
8193,"How to Recruit, Retain, and Motivate Your Title I Students",Recruiting/Retention; Title I,recruiting-retention; title-i,,2019 TBA Handout,2019-tba-handout,https://texasbandmasters.org/wp-content/uploads/2023/11/How-to-Recruit-Retain-and-Motivate-Your-Title-I-Students-Eric-Jimenez.pdf,https://texasbandmasters.org/document-library/
11832,How to Successfully Communicate with Your Administrator,Program Management,program-management,"Dr. Christopher Bailey , John Alstrin",2025 TBA Handout,2025-tba-handout,https://texasbandmasters.org/wp-content/uploads/2026/01/How-to-Successfully-Communicate-with-Your-Administrator-Clinicians-John-Alstrin-Dr.-Christopher-Bailey.pdf,https://texasbandmasters.org/document-library/
9766,How to Take a Trip Without Losing Your Mind or Job,General,general,,2007 TBA Handout,2007-tba-handout,https://texasbandmasters.org/wp-content/uploads/2023/11/2007-hinojosa1.pdf,https://texasbandmasters.org/document-library/
8821,How to Teach Improvisation and Integrate Into a Jazz Band Rehearsal,Jazz,jazz,,2015 TBA Handout,2015-tba-handout,https://texasbandmasters.org/wp-content/uploads/2023/11/2015_snidero.pdf,https://texasbandmasters.org/document-library/
9284,How to Teach Woodwinds if I Can’t Play Them,Pedagogy-Woodwind,pedagogy-woodwind-2,,2012 TBA Handout,2012-tba-handout,https://texasbandmasters.org/wp-content/uploads/2023/11/2012_countryman.pdf,https://texasbandmasters.org/document-library/
8563,"I Failed, Now What? How to Change the Way Your Students Think About Failure",Motivation/Inspiration,motivation-inspiration,,2017 TBA Handout,2017-tba-handout,https://texasbandmasters.org/wp-content/uploads/2023/11/Bates-Bishop-Meredith-I-Failed-Now-What-How-to-Change-the-Way-Your-Students-Think-About-Failure.pdf,https://texasbandmasters.org/document-library/
12058,I Feel the Pain You Feel,Health/Wellness,health-wellness,"Dr. Darin ""Dutch"" Workman",2004 BMR December,2004-bmr-december,https://texasbandmasters.org/wp-content/uploads/2023/11/2004-12-workman1.pdf,https://texasbandmasters.org/document-library/
9896,I Feel the Pain You Feel,Health/Wellness,health-wellness,,2005 BMR March,2005-bmr-march,https://texasbandmasters.org/wp-content/uploads/2023/11/2005-03-workman1.pdf,https://texasbandmasters.org/document-library/
8348,"I like, I wish, I wonder. . . Introspection and Evaluation of the Marching Season",Marching Band,marching-band,,2018 BMR December,2018-bmr-december,https://texasbandmasters.org/wp-content/uploads/2023/11/2018-12-spicer.pdf,https://texasbandmasters.org/document-library/
8057,I’m So Upset! Now What?,Health/Wellness,health-wellness,,2023 BMR January,2023-bmr-january,https://texasbandmasters.org/wp-content/uploads/2023/10/2023_1_little.pdf,https://texasbandmasters.org/document-library/
8937,"If a FULL SCORE was Available, I Would Play that Piece for Contest!",Pedagogy,pedagogy,,2014 BMR April,2014-bmr-april,https://texasbandmasters.org/wp-content/uploads/2023/11/2014-04-rogers.pdf,https://texasbandmasters.org/document-library/
8684,If I Knew Then What I Know Now…,Motivation/Inspiration,motivation-inspiration,,2016 BMR June,2016-bmr-june,https://texasbandmasters.org/wp-content/uploads/2023/11/2016-06-lautzenheiser.pdf,https://texasbandmasters.org/document-library/
9162,If I Only Had One More Rehearsal: Creating Efficient and Effective Rehearsals,Conducting/Literature/Artistry,conducting-literature-artistry,,2013 TBA Handout,2013-tba-handout,https://texasbandmasters.org/wp-content/uploads/2023/11/2013_clements.pdf,https://texasbandmasters.org/document-library/
9095,If I Only Had One More Rehearsal!,Program Management,program-management,,2013 BMR December,2013-bmr-december,https://texasbandmasters.org/wp-content/uploads/2023/11/2013-12-clements.pdf,https://texasbandmasters.org/document-library/
9821,"If It’s Worth Doing It, It’s Worth Doing Right",Motivation/Inspiration,motivation-inspiration,,2006 BMR September,2006-bmr-september,https://texasbandmasters.org/wp-content/uploads/2023/11/2006-09-lautzenheiser1.pdf,https://texasbandmasters.org/document-library/
8565,"If you PLAY Something, SAY Something",Composer,composer,,2017 TBA Handout,2017-tba-handout,https://texasbandmasters.org/wp-content/uploads/2023/11/Balmages-Brian-If-you-PLAY-Something-SAY-Something.pdf,https://texasbandmasters.org/document-library/
12133,Implementing a Chamber Music Program Into Your Performance-Based Curriculum,Pedagogy-Ensemble,pedagogy-ensemble-2,Jerry Luckhardt,2004 TBA Handout,2004-tba-handout,https://texasbandmasters.org/wp-content/uploads/2023/11/2004-luckhardt1.pdf,https://texasbandmasters.org/document-library/
8823,Implementing Change in Your Program,General,general,,2015 TBA Handout,2015-tba-handout,https://texasbandmasters.org/wp-content/uploads/2023/11/2015_mcinturf.pdf,https://texasbandmasters.org/document-library/
10151,Implementing the New UIL Music Literacy (Sight-Reading) Process with Middle School Band,Middle School; Pedagogy-Ensemble,middle-school; pedagogy-ensemble-2,,2024 BMR January,2024-bmr-january,https://texasbandmasters.org/wp-content/uploads/2024/01/2024_1-rivera-love.pdf,https://texasbandmasters.org/document-library/
8015,Implementing the New UIL Sight-Reading Process with Middle School Band,Pedagogy-Ensemble,pedagogy-ensemble-2,,2023 TBA Handout,2023-tba-handout,https://texasbandmasters.org/wp-content/uploads/2023/10/2023_rivera.pdf,https://texasbandmasters.org/document-library/
12066,Importance of Playing Duets,Pedagogy,pedagogy,John Irish,2004 BMR September,2004-bmr-september,https://texasbandmasters.org/wp-content/uploads/2023/11/2004-09-irish1.pdf,https://texasbandmasters.org/document-library/
9810,Improving Rehearsals,Pedagogy,pedagogy,,2006 BMR March,2006-bmr-march,https://texasbandmasters.org/wp-content/uploads/2023/11/2006-03-ross1.pdf,https://texasbandmasters.org/document-library/
9941,Improving the Fall Marching Percussion Section Through Spring Percussion Ensemble Performance,Marching Percussion,marching-percussion-2,,2005 TBA Handout,2005-tba-handout,https://texasbandmasters.org/wp-content/uploads/2023/11/2005-burkhalter1.pdf,https://texasbandmasters.org/document-library/
9768,Improving the High School Jazz Trumpet Section,Jazz,jazz,,2007 TBA Handout,2007-tba-handout,https://texasbandmasters.org/wp-content/uploads/2023/11/2007-schultz1.pdf,https://texasbandmasters.org/document-library/
8681,Improving Your Teaching with “Why?”,Pedagogy,pedagogy,,2016 BMR December,2016-bmr-december,https://texasbandmasters.org/wp-content/uploads/2023/11/2016-12-clements.pdf,https://texasbandmasters.org/document-library/
8268,In Praise Of Hearing Better,Health/Wellness,health-wellness,,2019 BMR December,2019-bmr-december,https://texasbandmasters.org/wp-content/uploads/2023/11/2019_12_allen.pdf,https://texasbandmasters.org/document-library/
8294,In The Rearview Mirror,General,general,,2019 BMR September,2019-bmr-september,https://texasbandmasters.org/wp-content/uploads/2023/11/2019_09_morrison-1.pdf,https://texasbandmasters.org/document-library/
9636,Individual and Peer Assessment in the Instrumental Music Classroom,Pedagogy,pedagogy,,2008 BMR September,2008-bmr-september,https://texasbandmasters.org/wp-content/uploads/2023/11/2008-09-cavitt.pdf,https://texasbandmasters.org/document-library/
8671,Information is Great – Inspiration is Better!,Motivation/Inspiration,motivation-inspiration,,2016 BMR April,2016-bmr-april,https://texasbandmasters.org/wp-content/uploads/2023/11/2016-04-clements.pdf,https://texasbandmasters.org/document-library/
8374,Infusing Student Leadership Development Year-round: It’s all about the follow up!,Student Leadership,student-leadership,,2018 BMR September,2018-bmr-september,https://texasbandmasters.org/wp-content/uploads/2023/11/2018-09-kick.pdf,https://texasbandmasters.org/document-library/
7967,Insights into the Creative Life of Julie Giroux,Composer,composer,,2020 BMR September,2020-bmr-september,https://texasbandmasters.org/wp-content/uploads/2023/11/2020_09_giroux.pdf,https://texasbandmasters.org/document-library/
10375,Instrument Fittings: A Fit for the Future,Beginner Band,beginner-band,,2024 BMR April,2024-bmr-april,https://texasbandmasters.org/wp-content/uploads/2024/04/2024_4_Chilton.pdf,https://texasbandmasters.org/document-library/
8740,Integrating Artistic Design Into Your Fall Program,Marching Band,marching-band,,2016 TBA Handout,2016-tba-handout,https://texasbandmasters.org/wp-content/uploads/2023/11/Cude-and-Staff-Integrating-Artistic-Design-Into-Your-Fall-Program.pdf,https://texasbandmasters.org/document-library/
8425,Integrating Electronics into Your Marching Band Show – Perspectives of the C.T. Johnson H.S. Band Staff,Marching Percussion,marching-percussion-2,,2018 TBA Handout,2018-tba-handout,https://texasbandmasters.org/wp-content/uploads/2023/11/Integrating-Electronics-into-Your-Marching-Band-Show-Perspectives-of-the-CT-Johnson-HS-Band-Staff-Dowling-Lipman-Lozano-Sharps-Stern.pdf,https://texasbandmasters.org/document-library/
9812,Integrating Music Technology in Your Classroom: A Journey From Purist to Tech Evangelist,Technology,technology,,2006 BMR March,2006-bmr-march,https://texasbandmasters.org/wp-content/uploads/2023/11/2006-03-pohland1.pdf,https://texasbandmasters.org/document-library/
9669,Intermediate Euphonium,Pedagogy-Brass,pedagogy-brass-2,,2008 TBA Handout,2008-tba-handout,https://texasbandmasters.org/wp-content/uploads/2023/11/2008-pruitt1.pdf,https://texasbandmasters.org/document-library/
9943,Intermediate Series – Keyboard Percussion,Pedagogy-Percussion,pedagogy-percussion-2,,2005 TBA Handout,2005-tba-handout,https://texasbandmasters.org/wp-content/uploads/2023/11/2005-carroll.pdf,https://texasbandmasters.org/document-library/
9945,Intermediate Series Flute,Pedagogy-Woodwind,pedagogy-woodwind-2,,2005 TBA Handout,2005-tba-handout,https://texasbandmasters.org/wp-content/uploads/2023/11/2005-kalisek.pdf,https://texasbandmasters.org/document-library/
9947,Intermediate Series: Bassoon,Pedagogy-Woodwind,pedagogy-woodwind-2,,2005 TBA Handout,2005-tba-handout,https://texasbandmasters.org/wp-content/uploads/2023/11/2005-phillips1.pdf,https://texasbandmasters.org/document-library/
9949,Intermediate Series: Trombone,Pedagogy-Brass,pedagogy-brass-2,,2005 TBA Handout,2005-tba-handout,https://texasbandmasters.org/wp-content/uploads/2023/11/2005-lobitz1.pdf,https://texasbandmasters.org/document-library/
9671,Intermediate Timpani,Pedagogy-Percussion,pedagogy-percussion-2,,2008 TBA Handout,2008-tba-handout,https://texasbandmasters.org/wp-content/uploads/2023/11/2008-rath1.pdf,https://texasbandmasters.org/document-library/
9951,Intermediate Trumpet,Pedagogy-Brass,pedagogy-brass-2,,2005 TBA Handout,2005-tba-handout,https://texasbandmasters.org/wp-content/uploads/2023/11/2005-vasquez.pdf,https://texasbandmasters.org/document-library/
8126,Intonation in Woodwind Instruments: Problems and Solutions,Pedagogy-Woodwind,pedagogy-woodwind-2,,2022 BMR September,2022-bmr-september,https://texasbandmasters.org/wp-content/uploads/2023/10/2022_9_allen.pdf,https://texasbandmasters.org/document-library/
8058,INTONATION OF BRASS INSTRUMENTS Ten Factors,Pedagogy-Brass,pedagogy-brass-2,,2023 BMR January,2023-bmr-january,https://texasbandmasters.org/wp-content/uploads/2023/10/2023_1_allen.pdf,https://texasbandmasters.org/document-library/
8426,Introducing an Individual Student TEKS Based Music Assessment Resource,Program Management,program-management,,2018 TBA Handout,2018-tba-handout,https://texasbandmasters.org/wp-content/uploads/2023/11/Introducing-an-Individual-Student-TEKS-Based-Music-Assessment-Resource-Dye-Coachman.pdf,https://texasbandmasters.org/document-library/
12132,Introduction to Essential Elements Musicianship For Band – Ensemble Concepts,Pedagogy-Ensemble,pedagogy-ensemble-2,"Eddie Green , John Benzer",2004 TBA Handout,2004-tba-handout,https://texasbandmasters.org/wp-content/uploads/2023/11/2004-greenbenzer1.pdf,https://texasbandmasters.org/document-library/
8880,Investing in Your Volunteers With C.A.R.E.,General,general,,2015 BMR April,2015-bmr-april,https://texasbandmasters.org/wp-content/uploads/2023/11/2015-04-vandewalker.pdf,https://texasbandmasters.org/document-library/
7969,Is Everyone Replaceable,Motivation/Inspiration,motivation-inspiration,,2020 BMR September,2020-bmr-september,https://texasbandmasters.org/wp-content/uploads/2023/11/2020_09_lautzenheiser.pdf,https://texasbandmasters.org/document-library/
9864,Is Grade Check at The Bottom of Your List? Wrong!!,Program Management,program-management,,2005 BMR December,2005-bmr-december,https://texasbandmasters.org/wp-content/uploads/2023/11/2005-12-ruiz1.pdf,https://texasbandmasters.org/document-library/
12075,Is Music Like Sports?,Motivation/Inspiration,motivation-inspiration,Dr. Tim Lautzenheiser,2004 BMR June,2004-bmr-june,https://texasbandmasters.org/wp-content/uploads/2023/11/2004-06-lautzenheiser1.pdf,https://texasbandmasters.org/document-library/
8567,"Is the Doctor In? DPA Training for Successful Band Progams (Diagnose, Prescribe & Administer)",Program Management,program-management,,2017 TBA Handout,2017-tba-handout,https://texasbandmasters.org/wp-content/uploads/2023/11/Blake-Harry-Is-the-Doctor-in-DPA-Training-for-Successful-Band-Programs.pdf,https://texasbandmasters.org/document-library/
8825,"Is There a Clarinet Doctor in the House? Don’t Treat the Symptoms, Cure the Problem!",Pedagogy-Woodwind,pedagogy-woodwind-2,,2015 TBA Handout,2015-tba-handout,https://texasbandmasters.org/wp-content/uploads/2023/11/2015_worosello.pdf,https://texasbandmasters.org/document-library/
8688,Is There An Indoor and Outdoor Sound?,Marching Band,marching-band,,2016 BMR September,2016-bmr-september,https://texasbandmasters.org/wp-content/uploads/2023/11/2016-09-troyka.pdf,https://texasbandmasters.org/document-library/
9462,It All Starts With A Song,Motivation/Inspiration,motivation-inspiration,,2010 BMR March,2010-bmr-march,https://texasbandmasters.org/wp-content/uploads/2023/11/2010-03-gilmore.pdf,https://texasbandmasters.org/document-library/
11834,"It All Starts With Us! Finding the Things That Bind Us, No Matter the School Size",Motivation/Inspiration,motivation-inspiration,"Jane Janda , Nicole Baxter , Rory Davis , Zachary Sims",2025 TBA Handout,2025-tba-handout,https://texasbandmasters.org/wp-content/uploads/2026/01/It-All-Starts-With-Us-Finding-the-Things-That-Bind-Us-Clinicians-Nicole-Baxter-Rory-Davis-Jane-Janda-Zachary-Sims.pdf,https://texasbandmasters.org/document-library/
12084,It Doesn’t Sound Good Because It Doesn’t Sound Good,Pedagogy,pedagogy,William W. Gourley,2004 BMR March,2004-bmr-march,https://texasbandmasters.org/wp-content/uploads/2023/11/2004-03-gourley1.pdf,https://texasbandmasters.org/document-library/
7781,It Starts with Culture! Building Program Culture Strong Enough to Overcome a Pandemic,Program Management,program-management,,2021 TBA Handout,2021-tba-handout,https://texasbandmasters.org/wp-content/uploads/2023/11/2021_Howard.pdf,https://texasbandmasters.org/document-library/
8270,It Starts With You,Motivation/Inspiration,motivation-inspiration,,2019 BMR December,2019-bmr-december,https://texasbandmasters.org/wp-content/uploads/2023/11/2019_12_blackstone.pdf,https://texasbandmasters.org/document-library/
8428,It Takes a Village: Creative Classroom Management Strategies,Pedagogy-Ensemble,pedagogy-ensemble-2,,2018 TBA Handout,2018-tba-handout,https://texasbandmasters.org/wp-content/uploads/2023/11/It-Takes-a-Village-Creative-Classroom-Management-Strategies-Troutman-Rogers-Ambeau.pdf,https://texasbandmasters.org/document-library/
10624,It Takes Grit,General,general,,2024 TBA Handout,2024-tba-handout,https://texasbandmasters.org/wp-content/uploads/2024/08/It-Takes-Grit.pdf,https://texasbandmasters.org/document-library/
10377,It’s a Marathon Not a Sprint,Motivation/Inspiration,motivation-inspiration,,2024 BMR April,2024-bmr-april,https://texasbandmasters.org/wp-content/uploads/2024/04/2024_4_Yee.pdf,https://texasbandmasters.org/document-library/
11904,"It’s About Thriving, not just Surviving! The New Band Director’s Guide to Success!",General,general,"Cait Burson , Glenna Vela",2026 BMR January,2026-bmr-january,https://texasbandmasters.org/wp-content/uploads/2026/01/2026_1_Burson_Vela.pdf,https://texasbandmasters.org/document-library/
9474,It’s All About the Details,Marching Band,marching-band,,2010 BMR September,2010-bmr-september,https://texasbandmasters.org/wp-content/uploads/2023/11/2010-09-vollmar.pdf,https://texasbandmasters.org/document-library/
9710,It’s All About Time!,Program Management,program-management,,2007 BMR March,2007-bmr-march,https://texasbandmasters.org/wp-content/uploads/2023/11/2007-03-lautzenheiser1.pdf,https://texasbandmasters.org/document-library/
8904,It’s Difficult to Fill a Salt Shaker With the Lid On!,Motivation/Inspiration,motivation-inspiration,,2015 BMR June,2015-bmr-june,https://texasbandmasters.org/wp-content/uploads/2023/11/2015_june_lautzenheiser.pdf,https://texasbandmasters.org/document-library/
8143,It’s Just Band,Health/Wellness,health-wellness,,2022 BMR April,2022-bmr-april,https://texasbandmasters.org/wp-content/uploads/2023/10/2022_4_blackstone.pdf,https://texasbandmasters.org/document-library/
9442,It’s Just Intonation,Pedagogy,pedagogy,,2010 BMR December,2010-bmr-december,https://texasbandmasters.org/wp-content/uploads/2023/11/2010-12-bronk.pdf,https://texasbandmasters.org/document-library/
9638,It’s Your Story…Stick With It!,Motivation/Inspiration,motivation-inspiration,,2008 BMR September,2008-bmr-september,https://texasbandmasters.org/wp-content/uploads/2023/11/2008-09-gilmore.pdf,https://texasbandmasters.org/document-library/
9286,"Jazz Band withLimited Instrumentation, Plus Easy Chord Identification and Improvisation Suggestions",Jazz,jazz,,2012 TBA Handout,2012-tba-handout,https://texasbandmasters.org/wp-content/uploads/2023/11/2012_rios.pdf,https://texasbandmasters.org/document-library/
9020,Jazz Band/Improvisation Rehearsal Techniques for the High School Band Director,Jazz,jazz,,2014 TBA Handout,2014-tba-handout,https://texasbandmasters.org/wp-content/uploads/2023/11/Schneller-Jazz-Band-Improvisation-Rehearsal-Techniques.pdf,https://texasbandmasters.org/document-library/
8827,Jazz Drum Set for Middle School and High School Bands,Jazz,jazz,,2015 TBA Handout,2015-tba-handout,https://texasbandmasters.org/wp-content/uploads/2023/11/2015_fidyk.pdf,https://texasbandmasters.org/document-library/
7927,Jazz Education…For All,Jazz,jazz,,2020 TBA Handout,2020-tba-handout,https://texasbandmasters.org/wp-content/uploads/2023/11/2020_armstrong.pdf,https://texasbandmasters.org/document-library/
8195,Jazz Ensemble Rehearsal: From An Auditory Tradition,Jazz,jazz,,2019 TBA Handout,2019-tba-handout,https://texasbandmasters.org/wp-content/uploads/2023/11/Jazz-Ensemble-Rehearsal-From-an-Auditory-Tradition-Jose-Diaz.pdf,https://texasbandmasters.org/document-library/
11836,Jazz For The Common Man 2.0,Jazz,jazz,Roland Sandoval,2025 TBA Handout,2025-tba-handout,https://texasbandmasters.org/wp-content/uploads/2026/01/Jazz-For-The-Common-Man-2.0-Clinician-Roland-Sandoval.pdf,https://texasbandmasters.org/document-library/
9673,Jazz from the Gound Up,Jazz,jazz,,2008 TBA Handout,2008-tba-handout,https://texasbandmasters.org/wp-content/uploads/2023/11/2008-waterstalamantescastorena1.pdf,https://texasbandmasters.org/document-library/
8742,Jazz Improvisation,Jazz,jazz,,2016 TBA Handout,2016-tba-handout,https://texasbandmasters.org/wp-content/uploads/2023/11/Velez-Vega-Jazz-Improvisation.pdf,https://texasbandmasters.org/document-library/
9589,Jazz Improvisation: “Anyone Can Do It”,Jazz,jazz,,2009 TBA Handout,2009-tba-handout,https://texasbandmasters.org/wp-content/uploads/2023/11/2009-schneller.pdf,https://texasbandmasters.org/document-library/
10626,"Jazz Improvisation: Language, Style and Content",Jazz,jazz,,2024 TBA Handout,2024-tba-handout,https://texasbandmasters.org/wp-content/uploads/2024/08/Jazz-Improvisation-Language-Style-and-Content.pdf,https://texasbandmasters.org/document-library/
11928,Jazz Pedagogy,Jazz,jazz,J. Richard Dunscomb,2003 TBA Handout,2003-tba-handout,https://texasbandmasters.org/wp-content/uploads/2026/01/2003-dunscomb1.pdf,https://texasbandmasters.org/document-library/
9288,Jazz Rehearsal Game Plan,Jazz,jazz,,2012 TBA Handout,2012-tba-handout,https://texasbandmasters.org/wp-content/uploads/2023/11/2012_sorenson.pdf,https://texasbandmasters.org/document-library/
8197,Jazz Rehearsal Techniques and Strategies,Jazz,jazz,,2019 TBA Handout,2019-tba-handout,https://texasbandmasters.org/wp-content/uploads/2023/11/Jazz-Rehearsal-Techniques-and-Strategies-Richard-Dunscomb.pdf,https://texasbandmasters.org/document-library/
9866,Jazz Tools: The Major Scale,Jazz,jazz,,2005 BMR December,2005-bmr-december,https://texasbandmasters.org/wp-content/uploads/2023/11/2005-12-palmer1.pdf,https://texasbandmasters.org/document-library/
7891,Joy ReSOUNDing!,Motivation/Inspiration,motivation-inspiration,,2021 BMR September,2021-bmr-september,https://texasbandmasters.org/wp-content/uploads/2023/11/2021_9_clements.pdf,https://texasbandmasters.org/document-library/
9164,Jr. High Percussion Concepts for the Non-Percussionist Band Director,Pedagogy-Percussion,pedagogy-percussion-2,,2013 TBA Handout,2013-tba-handout,https://texasbandmasters.org/wp-content/uploads/2023/11/2013_dillard.pdf,https://texasbandmasters.org/document-library/
8089,Kaizen – Instilling Continuous Ensemble Development,Technology,technology,,2022 TBA Handout,2022-tba-handout,https://texasbandmasters.org/wp-content/uploads/2023/10/2022_miller.pdf,https://texasbandmasters.org/document-library/
10628,"Keep ‘Em Once You Have ‘Em, How Culture and Connection in Your Program Can Improve Retention",Recruiting/Retention,recruiting-retention,,2024 TBA Handout,2024-tba-handout,https://texasbandmasters.org/wp-content/uploads/2024/08/Keep-Em-Once-You-Have-Em-How-Culture-and-Connection-in-Your-Program-Can-Improve-Retention.pdf,https://texasbandmasters.org/document-library/
7893,Keep the Flame Lit,Motivation/Inspiration,motivation-inspiration,,2021 BMR September,2021-bmr-september,https://texasbandmasters.org/wp-content/uploads/2023/11/2021_9_arau.pdf,https://texasbandmasters.org/document-library/
9476,Keeping Everyone Eligible-Failure is Not an Option!,General,general,,2010 BMR September,2010-bmr-september,https://texasbandmasters.org/wp-content/uploads/2023/11/2010-09-ruiz-mills.pdf,https://texasbandmasters.org/document-library/
9953,Keys to Success in a Middle School Band Program,Pedagogy-Ensemble,pedagogy-ensemble-2,,2005 TBA Handout,2005-tba-handout,https://texasbandmasters.org/wp-content/uploads/2023/11/2005-figarelli1.pdf,https://texasbandmasters.org/document-library/
8284,Kickin’ It In A World That’s Kickin’ Your….Getting More Done In Less Time With More Fun!,Program Management,program-management,,2019 BMR June,2019-bmr-june,https://texasbandmasters.org/wp-content/uploads/2023/11/2019_06_kick.pdf,https://texasbandmasters.org/document-library/
11906,Kickstarting a High Efficiency Band Program with Tech & AI,Technology,technology,Dean Surface,2026 BMR January,2026-bmr-january,https://texasbandmasters.org/wp-content/uploads/2026/01/2026_1_Surface.pdf,https://texasbandmasters.org/document-library/
8016,Kickstarting Your Jazz Band – How to get Your Band Swingin’ and Playin’ the Blues,Jazz,jazz,,2023 TBA Handout,2023-tba-handout,https://texasbandmasters.org/wp-content/uploads/2023/10/2023_mathews.pdf,https://texasbandmasters.org/document-library/
8569,"Konko Jr/Sr High School Wind Orchestra, Okayama, Japan",Pedagogy-Ensemble,pedagogy-ensemble-2,,2017 TBA Handout,2017-tba-handout,https://texasbandmasters.org/wp-content/uploads/2023/11/Sonoda-Yasuyuki-Konko-Wind-Orchestra-Clinic.pdf,https://texasbandmasters.org/document-library/
8017,Larry Livingston Keynote Address,Featured Clinician,featured-clinician,,2023 TBA Handout,2023-tba-handout,https://texasbandmasters.org/wp-content/uploads/2023/10/2023_livingston_keynote.pdf,https://texasbandmasters.org/document-library/
9166,Latin Percussion Basics – The Sooner The Better,Jazz,jazz,,2013 TBA Handout,2013-tba-handout,https://texasbandmasters.org/wp-content/uploads/2023/11/2013_davila.pdf,https://texasbandmasters.org/document-library/
7783,Laying the Foundation for Stronger Ensemble Skills,Pedagogy-Ensemble,pedagogy-ensemble-2,,2021 TBA Handout,2021-tba-handout,https://texasbandmasters.org/wp-content/uploads/2023/11/2021_King.pdf,https://texasbandmasters.org/document-library/
9517,Laying the Foundation for Stronger Fundamentals and Ensemble Skills,Pedagogy-Ensemble,pedagogy-ensemble-2,,2010 TBA Handout,2010-tba-handout,https://texasbandmasters.org/wp-content/uploads/2023/11/2010-king.pdf,https://texasbandmasters.org/document-library/
9219,Leadership Isn’t Something We Do; It Is Something We Are,Motivation/Inspiration,motivation-inspiration,,2012 BMR April,2012-bmr-april,https://texasbandmasters.org/wp-content/uploads/2023/11/2012-04-lautzenheiser.pdf,https://texasbandmasters.org/document-library/
10630,Learn FASTER with Batch Drill Setting & UDB,Marching Band,marching-band,,2024 TBA Handout,2024-tba-handout,https://texasbandmasters.org/wp-content/uploads/2024/08/Learn-FASTER-with-Batch-Drill-Setting-UDB.pdf,https://texasbandmasters.org/document-library/
8199,Learning and Perfecting Drill with Ultimate Drill Book,Marching Band,marching-band,,2019 TBA Handout,2019-tba-handout,https://texasbandmasters.org/wp-content/uploads/2023/11/Learning-and-Perfecting-Drill-with-UDB-Josh-Luke-Gall-Bryan-Christian.pdf,https://texasbandmasters.org/document-library/
9618,Learning From Each Other,Motivation/Inspiration,motivation-inspiration,,2008 BMR June,2008-bmr-june,https://texasbandmasters.org/wp-content/uploads/2023/11/2008-06-dierolf1.pdf,https://texasbandmasters.org/document-library/
8144,Learning Now: Learning Forever,Motivation/Inspiration,motivation-inspiration,,2022 BMR April,2022-bmr-april,https://texasbandmasters.org/wp-content/uploads/2023/10/2022_4_lautzenheiser.pdf,https://texasbandmasters.org/document-library/
8138,Learning to BAND From the Inside Out,Program Management,program-management,,2022 BMR June,2022-bmr-june,https://texasbandmasters.org/wp-content/uploads/2023/10/2022_6_hazzard.pdf,https://texasbandmasters.org/document-library/
9168,Legal Concerns for the Music Educator – 2013,General,general,,2013 TBA Handout,2013-tba-handout,https://texasbandmasters.org/wp-content/uploads/2023/11/2013_wardell.pdf,https://texasbandmasters.org/document-library/
9411,Legal Concerns for Band Directors – 2011,General,general,,2011 TBA Handout,2011-tba-handout,https://texasbandmasters.org/wp-content/uploads/2023/11/2011_wardell.pdf,https://texasbandmasters.org/document-library/
9290,Legal Concerns for Band Directors – 2012,General,general,,2012 TBA Handout,2012-tba-handout,https://texasbandmasters.org/wp-content/uploads/2023/11/2012_wardell.pdf,https://texasbandmasters.org/document-library/
9022,Legal Concerns for the Music Educator – 2014,General,general,,2014 TBA Handout,2014-tba-handout,https://texasbandmasters.org/wp-content/uploads/2023/11/Wardell-Legal-Concerns-for-the-Music-Educator.pdf,https://texasbandmasters.org/document-library/
8829,Legal Concerns for the Music Educator – 2015,General,general,,2015 TBA Handout,2015-tba-handout,https://texasbandmasters.org/wp-content/uploads/2023/11/2015_wardell.pdf,https://texasbandmasters.org/document-library/
8744,Legal Concerns for the Music Educator – 2016,General,general,,2016 TBA Handout,2016-tba-handout,https://texasbandmasters.org/wp-content/uploads/2023/11/Wardel-Legal-Concerns-for-the-Music-Educator.pdf,https://texasbandmasters.org/document-library/
8571,Legal Concerns for the Music Educator – 2017,General,general,,2017 TBA Handout,2017-tba-handout,https://texasbandmasters.org/wp-content/uploads/2023/11/Wardell-Holly-Legal-Concerns-for-the-Music-Educator.pdf,https://texasbandmasters.org/document-library/
8430,Legal Concerns for the Music Educator – 2018,General,general,,2018 TBA Handout,2018-tba-handout,https://texasbandmasters.org/wp-content/uploads/2023/11/Legal-Concerns-for-the-Music-Educator-Simpson.pdf,https://texasbandmasters.org/document-library/
8201,Legal Concerns for the Music Educator-2019,General,general,,2019 TBA Handout,2019-tba-handout,https://texasbandmasters.org/wp-content/uploads/2023/11/Legal-Concerns-for-the-Music-Educator-Holly-Wardell.pdf,https://texasbandmasters.org/document-library/
8018,Legal Update for Music Educators-2023,General,general,,2023 TBA Handout,2023-tba-handout,https://texasbandmasters.org/wp-content/uploads/2023/10/2023_wardell.pdf,https://texasbandmasters.org/document-library/
10632,Legal Updates for Music Educators,General,general,,2024 TBA Handout,2024-tba-handout,https://texasbandmasters.org/wp-content/uploads/2024/08/Legal-Updates-for-Music-Educators.pdf,https://texasbandmasters.org/document-library/
9591,Lessons For Beginner Horn Students,Beginner Band-Brass,beginner-band-brass-2,,2009 TBA Handout,2009-tba-handout,https://texasbandmasters.org/wp-content/uploads/2023/11/2009-beck.pdf,https://texasbandmasters.org/document-library/
8961,Lessons Learned,Pedagogy,pedagogy,,2014 BMR June,2014-bmr-june,https://texasbandmasters.org/wp-content/uploads/2023/11/2014-06-garner.pdf,https://texasbandmasters.org/document-library/
9170,Lessons Learned From the Other Side: A Discussion of Marching Band Topics from the Judge’s Perspective,Marching Band,marching-band,,2013 TBA Handout,2013-tba-handout,https://texasbandmasters.org/wp-content/uploads/2023/11/2013_lo_mast.pdf,https://texasbandmasters.org/document-library/
9024,Lessons Learned in 50 Years of Band Directing Session 1,Pedagogy,pedagogy,,2014 TBA Handout,2014-tba-handout,https://texasbandmasters.org/wp-content/uploads/2023/11/Garner-Lessons-Learned-Session-1.pdf,https://texasbandmasters.org/document-library/
9026,Lessons Learned in 50 Years of Band Directing Session 2,Pedagogy,pedagogy,,2014 TBA Handout,2014-tba-handout,https://texasbandmasters.org/wp-content/uploads/2023/11/Garner-Lessons-Learned-Session-2.pdf,https://texasbandmasters.org/document-library/
9028,Lessons Learned in 50 Years of Band Directing Session 3,Pedagogy,pedagogy,,2014 TBA Handout,2014-tba-handout,https://texasbandmasters.org/wp-content/uploads/2023/11/Garner-Lessons-Learned-Session-3.pdf,https://texasbandmasters.org/document-library/
11838,Let It Go! Building Student Autonomy in the Music Classroom,Motivation/Inspiration,motivation-inspiration,"Aaron Snipes , III",2025 TBA Handout,2025-tba-handout,https://texasbandmasters.org/wp-content/uploads/2026/01/Let-It-Go-Building-Student-Autonomy-in-the-Music-Classroom-Clinician-Aaron-Snipes-III.pdf,https://texasbandmasters.org/document-library/
11840,Let’s Make Music: Empowering Young Musicians in the Title 1 School,Title I,title-i,"Corey Graves , Eddie Garcia Jr , Jacob Dellinger , Jason Finnels",2025 TBA Handout,2025-tba-handout,https://texasbandmasters.org/wp-content/uploads/2026/01/Let-s-Make-Music-Empowering-in-the-Title-1-School-Clinicians-Jacob-Dellinger-Jason-Finnels-Eddie-Garcia-Jr-Corey-Graves.pdf,https://texasbandmasters.org/document-library/
8949,Let’s Play the Game “Jazz Improvisation”,Jazz,jazz,,2014 BMR December,2014-bmr-december,https://texasbandmasters.org/wp-content/uploads/2023/11/2014-12-schneller.pdf,https://texasbandmasters.org/document-library/
12067,Let’s Take the Nonsense (Syllables) Out of Rhythm Teaching,Pedagogy,pedagogy,Dr. Carol McNabb,2004 BMR September,2004-bmr-september,https://texasbandmasters.org/wp-content/uploads/2023/11/2004-09-lautzenheiser1.pdf,https://texasbandmasters.org/document-library/
8573,Let’s Talk Band! “Can You acCount on Your Ability…”?,Program Management,program-management,,2017 TBA Handout,2017-tba-handout,https://texasbandmasters.org/wp-content/uploads/2023/11/Lansford-Cynthia-Mallow-Melodianne-Wine-Jolette-Lets-Talk-Band.pdf,https://texasbandmasters.org/document-library/
7785,Let’s Talk Band! Prep in the Fall for Success in the Spring,Program Management,program-management,,2021 TBA Handout,2021-tba-handout,https://texasbandmasters.org/wp-content/uploads/2023/11/2021_Lansford.pdf,https://texasbandmasters.org/document-library/
8272,Levels of Thinking,Pedagogy,pedagogy,,2019 BMR December,2019-bmr-december,https://texasbandmasters.org/wp-content/uploads/2023/11/2019_12_troyka.pdf,https://texasbandmasters.org/document-library/
7971,Life in the Fast Lane,Motivation/Inspiration,motivation-inspiration,,2020 BMR September,2020-bmr-september,https://texasbandmasters.org/wp-content/uploads/2023/11/2020_09_livingston.pdf,https://texasbandmasters.org/document-library/
9229,Life Is Short. Do What Matters. Six words. A Lifetime of wisdom.,Motivation/Inspiration,motivation-inspiration,,2012 BMR December,2012-bmr-december,https://texasbandmasters.org/wp-content/uploads/2023/11/2012-12-gilmore.pdf,https://texasbandmasters.org/document-library/
12059,Listen Closely,Jazz,jazz,Robert Baca,2004 BMR December,2004-bmr-december,https://texasbandmasters.org/wp-content/uploads/2023/11/2004-12-baca1.pdf,https://texasbandmasters.org/document-library/
9562,Little Steps to the Big Break,Pedagogy-Woodwind,pedagogy-woodwind-2,,2009 BMR March,2009-bmr-march,https://texasbandmasters.org/wp-content/uploads/2023/11/2009-03-card.pdf,https://texasbandmasters.org/document-library/
7895,Living the Dream,Motivation/Inspiration,motivation-inspiration,,2021 BMR September,2021-bmr-september,https://texasbandmasters.org/wp-content/uploads/2023/11/2021_9_sandoval.pdf,https://texasbandmasters.org/document-library/
9030,Long Term Success in a 1A School,Small School,small-school,,2014 TBA Handout,2014-tba-handout,https://texasbandmasters.org/wp-content/uploads/2023/11/Idlebird-Long-Term-Success-in-a-1A-School.pdf,https://texasbandmasters.org/document-library/
9610,Looking Back,Band History,band-history,,2008 BMR December,2008-bmr-december,https://texasbandmasters.org/wp-content/uploads/2023/11/2008-12-garner.pdf,https://texasbandmasters.org/document-library/
9922,Loud Playing – Soft Playing,Pedagogy,pedagogy,,2005 BMR September,2005-bmr-september,https://texasbandmasters.org/wp-content/uploads/2023/11/2005-09-goff1.pdf,https://texasbandmasters.org/document-library/
7787,Love Your Job! Progressing Your Career Without Leaving Your Position,Motivation/Inspiration,motivation-inspiration,,2021 TBA Handout,2021-tba-handout,https://texasbandmasters.org/wp-content/uploads/2023/11/2021_VanDoren.pdf,https://texasbandmasters.org/document-library/
7789,Low SES = SUCC-ESS! How to Guide ALL Students to Success,Recruiting/Retention,recruiting-retention,,2021 TBA Handout,2021-tba-handout,https://texasbandmasters.org/wp-content/uploads/2023/11/2021_Wis.pdf,https://texasbandmasters.org/document-library/
12068,Maintaining the Integrity of Our Repertoire,Conducting/Literature/Artistry,conducting-literature-artistry,Dr. Robert Rustowicz,2004 BMR September,2004-bmr-september,https://texasbandmasters.org/wp-content/uploads/2023/11/2004-09-rustowicz1.pdf,https://texasbandmasters.org/document-library/
11732,Make It Happen,General,general,Christopher Yee,2025 BMR January,2025-bmr-january,https://texasbandmasters.org/wp-content/uploads/2026/01/2025_1_Yee.pdf,https://texasbandmasters.org/document-library/
11747,MAKE IT HAPPEN,General,general,"President , Reagan Brumley",2025 BMR April,2025-bmr-april,https://texasbandmasters.org/wp-content/uploads/2026/01/2025_4_Brumley.pdf,https://texasbandmasters.org/document-library/
11711,Make It Happen!,General,general,Reagan Brumley,2024 BMR September,2024-bmr-september,https://texasbandmasters.org/wp-content/uploads/2026/01/2024_9_Brumley.pdf,https://texasbandmasters.org/document-library/
9675,Make the English Horn a Successful Venture for the Oboist,Pedagogy-Woodwind,pedagogy-woodwind-2,,2008 TBA Handout,2008-tba-handout,https://texasbandmasters.org/wp-content/uploads/2023/11/2008-bohls1.pdf,https://texasbandmasters.org/document-library/
9172,Make Warm-ups Part of Your Routine-Just Don’t Make Them Routine!,Pedagogy-Ensemble,pedagogy-ensemble-2,,2013 TBA Handout,2013-tba-handout,https://texasbandmasters.org/wp-content/uploads/2023/11/2013_clark.pdf,https://texasbandmasters.org/document-library/
10379,Make Your Best Better!,Motivation/Inspiration,motivation-inspiration,,2024 BMR April,2024-bmr-april,https://texasbandmasters.org/wp-content/uploads/2024/04/2024_4_Little.pdf,https://texasbandmasters.org/document-library/
11762,Make Your Garden Grow: Cultivating the Beginner Band Student,Beginner Band,beginner-band,"Heather Becker , Heather McHenry , Margaret Wis",2025 TBA Handout,2025-tba-handout,https://texasbandmasters.org/wp-content/uploads/2026/01/Make-Your-Garden-Grow-Cultivating-the-Beginner-Band-Student-Clinicians-Heather-Becker-Heather-McHenry-Margaret-Wis.pdf,https://texasbandmasters.org/document-library/
8831,Making a Bigger Impact with Band in Your Community,Motivation/Inspiration,motivation-inspiration,,2015 TBA Handout,2015-tba-handout,https://texasbandmasters.org/wp-content/uploads/2023/11/2015_kick.pdf,https://texasbandmasters.org/document-library/
8912,Making a Bigger Impact with Music In Your Community,Program Management,program-management,,2015 BMR September,2015-bmr-september,https://texasbandmasters.org/wp-content/uploads/2023/11/2015-09-kick.pdf,https://texasbandmasters.org/document-library/
8296,Making An Eternal Impact On Your Students,Motivation/Inspiration,motivation-inspiration,,2019 BMR September,2019-bmr-september,https://texasbandmasters.org/wp-content/uploads/2023/11/2019_09_yee.pdf,https://texasbandmasters.org/document-library/
9117,Making an Impact!,Motivation/Inspiration,motivation-inspiration,,2013 BMR September,2013-bmr-september,https://texasbandmasters.org/wp-content/uploads/2023/11/2013-09-gilmore.pdf,https://texasbandmasters.org/document-library/
8914,Making Efficient Use of Your Warm-up Time at Marching Contest,Marching Band,marching-band,,2015 BMR September,2015-bmr-september,https://texasbandmasters.org/wp-content/uploads/2023/11/2015-09-johnson.pdf,https://texasbandmasters.org/document-library/
12131,Making It Work-with Harlingen HS Jazz,Jazz,jazz,Ronnie Rios,2004 TBA Handout,2004-tba-handout,https://texasbandmasters.org/wp-content/uploads/2023/11/2004-rios1.pdf,https://texasbandmasters.org/document-library/
7790,Making Music the Centerpiece of Your Marching Band Season,Marching Band,marching-band,,2021 TBA Handout,2021-tba-handout,https://texasbandmasters.org/wp-content/uploads/2023/11/2021_Sealy.pdf,https://texasbandmasters.org/document-library/
9593,Making Musical Decisions Session 3 Conducting-The Gateway to Expression,Conducting/Literature/Artistry; Featured Clinician,conducting-literature-artistry; featured-clinician,,2009 TBA Handout,2009-tba-handout,https://texasbandmasters.org/wp-content/uploads/2023/11/2009-haithcock.pdf,https://texasbandmasters.org/document-library/
8833,Making the Best Use of Your Warm-up Time at Marching Contest,Marching Band,marching-band,,2015 TBA Handout,2015-tba-handout,https://texasbandmasters.org/wp-content/uploads/2023/11/2015_johnson.pdf,https://texasbandmasters.org/document-library/
8432,Making the Big Band a School’s Best Friend,Jazz,jazz,,2018 TBA Handout,2018-tba-handout,https://texasbandmasters.org/wp-content/uploads/2023/11/Making-the-Big-Band-a-Schools-Best-Friend-Rios.pdf,https://texasbandmasters.org/document-library/
9898,Making Your Band Better Without Saying a Word,Conducting/Literature/Artistry,conducting-literature-artistry,,2005 BMR March,2005-bmr-march,https://texasbandmasters.org/wp-content/uploads/2023/11/2005-03-schueller1.pdf,https://texasbandmasters.org/document-library/
9955,Making Your Band Better Without Saying a Word: Ten Steps to Becomming a More Effective Conductor,Conducting/Literature/Artistry,conducting-literature-artistry,,2005 TBA Handout,2005-tba-handout,https://texasbandmasters.org/wp-content/uploads/2023/11/2005-schueller1.pdf,https://texasbandmasters.org/document-library/
8203,Making Your Show Memorable,Marching Band,marching-band,,2019 TBA Handout,2019-tba-handout,https://texasbandmasters.org/wp-content/uploads/2023/11/Making-Your-Show-Memorable-Gary-Markham.pdf,https://texasbandmasters.org/document-library/
9868,Mallet Percussion: A Successful Beginning,Beginner Band-Percussion,beginner-band-percussion-2,,2005 BMR December,2005-bmr-december,https://texasbandmasters.org/wp-content/uploads/2023/11/2005-12-rubins1.pdf,https://texasbandmasters.org/document-library/
11960,Mallet Percussion: A Successful Beginning,Beginner Band-Percussion,beginner-band-percussion-2,Sherry Rubins,2003 TBA Handout,2003-tba-handout,https://texasbandmasters.org/wp-content/uploads/2026/01/2003-rubins1.pdf,https://texasbandmasters.org/document-library/
9519,"Managing the Three Ring Circus: Marching, Concert, & Jazz Bands",Program Management,program-management,,2010 TBA Handout,2010-tba-handout,https://texasbandmasters.org/wp-content/uploads/2023/11/2010-alvarado.pdf,https://texasbandmasters.org/document-library/
9843,Marches Are Music!,Conducting/Literature/Artistry,conducting-literature-artistry,,2006 TBA Handout,2006-tba-handout,https://texasbandmasters.org/wp-content/uploads/2023/11/2006-chevallard1.pdf,https://texasbandmasters.org/document-library/
8916,Marching Band and Sun…A Dangerous Combination!,Marching Band,marching-band,,2015 BMR September,2015-bmr-september,https://texasbandmasters.org/wp-content/uploads/2023/11/2015-09-jenkins.pdf,https://texasbandmasters.org/document-library/
11944,Marching Band Arranging Concepts,Marching Band,marching-band,Pete Lengyel,2003 TBA Handout,2003-tba-handout,https://texasbandmasters.org/wp-content/uploads/2026/01/2003-lengyel1.pdf,https://texasbandmasters.org/document-library/
8979,Marching Band at Claudia Taylor Johnson High School What We Like and What Works For Us…,Marching Band,marching-band,,2014 BMR September,2014-bmr-september,https://texasbandmasters.org/wp-content/uploads/2023/11/2014-09-lipman.pdf,https://texasbandmasters.org/document-library/
8835,Marching Band Audio,Marching Band,marching-band,,2015 TBA Handout,2015-tba-handout,https://texasbandmasters.org/wp-content/uploads/2023/11/2015_mlynczak.pdf,https://texasbandmasters.org/document-library/
9174,Marching Band Basics with the Canton High School Band,Marching Band,marching-band,,2013 TBA Handout,2013-tba-handout,https://texasbandmasters.org/wp-content/uploads/2023/11/2013_toups.pdf,https://texasbandmasters.org/document-library/
8090,Marching Band Strategies for Achieving Success in a Small School,Marching Band,marching-band,,2022 TBA Handout,2022-tba-handout,https://texasbandmasters.org/wp-content/uploads/2023/10/2022_sours.pdf,https://texasbandmasters.org/document-library/
8575,Marching Band Technique with Flower Mound HS Marching Band,Marching Band,marching-band,,2017 TBA Handout,2017-tba-handout,https://texasbandmasters.org/wp-content/uploads/2023/11/Biskup-Brent-Harvey-Jana-Marching-Band-Technique-with-Flower-Mound-HS-Marching-Band.pdf,https://texasbandmasters.org/document-library/
9032,Marching Band Techniques for the Small School,Marching Band; Small School,marching-band; small-school,,2014 TBA Handout,2014-tba-handout,https://texasbandmasters.org/wp-content/uploads/2023/11/Rhodes-Marching-Band-Techniques-for-the-Small-School.pdf,https://texasbandmasters.org/document-library/
8091,Marching Band Techniques with the Vandegrift High School Band,Marching Band,marching-band,,2022 TBA Handout,2022-tba-handout,https://texasbandmasters.org/wp-content/uploads/2023/10/2022_howard.pdf,https://texasbandmasters.org/document-library/
9388,Marching Band Triage: Dealing With and Learning From Marching “Emergencies”,Marching Band,marching-band,,2011 BMR September,2011-bmr-september,https://texasbandmasters.org/wp-content/uploads/2023/11/2011-09-watson.pdf,https://texasbandmasters.org/document-library/
8205,Marching Band with Canton HS Band,Marching Band,marching-band,,2019 TBA Handout,2019-tba-handout,https://texasbandmasters.org/wp-content/uploads/2023/11/Marching-Band-with-Canton-HS-Band-Mike-Bartley-Madison-Fowler.pdf,https://texasbandmasters.org/document-library/
8019,Marching Design for Small Schools,Marching Band,marching-band,,2023 TBA Handout,2023-tba-handout,https://texasbandmasters.org/wp-content/uploads/2023/10/2023_honeycutt.pdf,https://texasbandmasters.org/document-library/
9413,Marching Evaluation and Advanced Fundamentals,Marching Band,marching-band,,2011 TBA Handout,2011-tba-handout,https://texasbandmasters.org/wp-content/uploads/2023/11/2011_johnson_2.pdf,https://texasbandmasters.org/document-library/
8577,Marching Percussion Concepts with the Flower Mound Drumline,Marching Percussion,marching-percussion-2,,2017 TBA Handout,2017-tba-handout,https://texasbandmasters.org/wp-content/uploads/2023/11/Hicks-Darrin-Schweitzer-Marching-Percussion-Concepts-with-the-Flower-Mound-Drumline.pdf,https://texasbandmasters.org/document-library/
8020,Marching Procedures for Excellence,Marching Band,marching-band,,2023 TBA Handout,2023-tba-handout,https://texasbandmasters.org/wp-content/uploads/2023/10/2023_armstrong.pdf,https://texasbandmasters.org/document-library/
9176,Marching Technique from Day 1,Marching Band,marching-band,,2013 TBA Handout,2013-tba-handout,https://texasbandmasters.org/wp-content/uploads/2023/11/2013_troyka_schayot.pdf,https://texasbandmasters.org/document-library/
9178,Mariachi in the Band Program: The Pros and Cons,Mariachi,mariachi,,2013 TBA Handout,2013-tba-handout,https://texasbandmasters.org/wp-content/uploads/2023/11/2013_nino_molina_torres_vela.pdf,https://texasbandmasters.org/document-library/
8148,Mariachi Rhythmic and Melodic Concepts,Mariachi,mariachi,,2022 TBA Handout,2022-tba-handout,https://texasbandmasters.org/wp-content/uploads/2023/10/2022_hern-ndez.pdf,https://texasbandmasters.org/document-library/
8093,"Mariachi Success: Creating, Establishing, and Believing the Process to Realizing the Outcome",Mariachi,mariachi,,2022 TBA Handout,2022-tba-handout,https://texasbandmasters.org/wp-content/uploads/2023/10/2022_bermea.pdf,https://texasbandmasters.org/document-library/
7792,Mariachi Trumpet Pedagogy and Stylistic Interpretation,Mariachi,mariachi,,2021 TBA Handout,2021-tba-handout,https://texasbandmasters.org/wp-content/uploads/2023/11/2021_Bermea.pdf,https://texasbandmasters.org/document-library/
8882,Mariachi: The Origin of the Word,Mariachi,mariachi,,2015 BMR April,2015-bmr-april,https://texasbandmasters.org/wp-content/uploads/2023/11/2015-04-ricketts.pdf,https://texasbandmasters.org/document-library/
8579,Matching Minds to Music: Building the Case for Teaching in Challenging Environments,Pedagogy-Ensemble,pedagogy-ensemble-2,,2017 TBA Handout,2017-tba-handout,https://texasbandmasters.org/wp-content/uploads/2023/11/2017-cooper.pdf,https://texasbandmasters.org/document-library/
8207,Maximizing Efficiency in Fundamentals and Rehearsal with the Vista Ridge Band,Marching Band,marching-band,,2019 TBA Handout,2019-tba-handout,https://texasbandmasters.org/wp-content/uploads/2023/11/Maximizing-Efficiency-in-Fundamentals-and-Rehearsal-with-the-Vista-Ridge-Band-Bryan-Christian-and-staff.pdf,https://texasbandmasters.org/document-library/
9415,"Maximizing Rehearsal Time: Priorities, Processes and Techniques that Produce Immediately and Long Term",Pedagogy,pedagogy,,2011 TBA Handout,2011-tba-handout,https://texasbandmasters.org/wp-content/uploads/2023/11/2011_nail.pdf,https://texasbandmasters.org/document-library/
8434,"Maximizing Student Engagement, Advocating for Your Program and Getting the Most Out of the T-TESS Process",General,general,,2018 TBA Handout,2018-tba-handout,https://texasbandmasters.org/wp-content/uploads/2023/11/Maximizing-Student-Engagement-Advocating-for-Your-Program-Gettin-the-Most-Out-of-the-TTES-Process-Jennison-Parsons.pdf,https://texasbandmasters.org/document-library/
8689,Maximizing Student Motivation,Motivation/Inspiration,motivation-inspiration,,2016 BMR September,2016-bmr-september,https://texasbandmasters.org/wp-content/uploads/2023/11/2016-09-lautzenheiser.pdf,https://texasbandmasters.org/document-library/
8127,Measuring Success,Health/Wellness,health-wellness,,2022 BMR September,2022-bmr-september,https://texasbandmasters.org/wp-content/uploads/2023/10/2022_9_drinkwater.pdf,https://texasbandmasters.org/document-library/
9540,Meet The Masters of East Texas,Band History,band-history,,2009 BMR December,2009-bmr-december,https://texasbandmasters.org/wp-content/uploads/2023/11/2009-12-hagood.pdf,https://texasbandmasters.org/document-library/
9595,Meet the Masters-Living Legends of East Texas,Band History,band-history,,2009 TBA Handout,2009-tba-handout,https://texasbandmasters.org/wp-content/uploads/2023/11/2009-hagood.pdf,https://texasbandmasters.org/document-library/
8021,Mentor or Dementor – How to Develop and Retain Young Teachers,General,general,,2023 TBA Handout,2023-tba-handout,https://texasbandmasters.org/wp-content/uploads/2023/10/2023_hughes.pdf,https://texasbandmasters.org/document-library/
9823,Mentoring the First Year Teacher,General,general,,2006 BMR September,2006-bmr-september,https://texasbandmasters.org/wp-content/uploads/2023/11/2006-09-miller1.pdf,https://texasbandmasters.org/document-library/
8581,Mentoring: It’s Not Just for Kids! The Head Director’s Role in Mentoring Their Assistants,General,general,,2017 TBA Handout,2017-tba-handout,https://texasbandmasters.org/wp-content/uploads/2023/11/Musella-Gabe-Mentoring-Its-Not-Just-for-Kids-The-Head-Directors-Role-in-Mentoring-Their-Assistants.pdf,https://texasbandmasters.org/document-library/
8286,Mentors and Mentoring: The Key To Professional Success,General,general,,2019 BMR June,2019-bmr-june,https://texasbandmasters.org/wp-content/uploads/2023/11/2019_06_lautzenheiser.pdf,https://texasbandmasters.org/document-library/
8298,Mentors Help Lead The Way To Success,General,general,,2019 BMR September,2019-bmr-september,https://texasbandmasters.org/wp-content/uploads/2023/11/2019_09_jackson.pdf,https://texasbandmasters.org/document-library/
9292,Methods and Strategies for a Winning Marching Band,Marching Band,marching-band,,2012 TBA Handout,2012-tba-handout,https://texasbandmasters.org/wp-content/uploads/2023/11/2012_namb.pdf,https://texasbandmasters.org/document-library/
8064,Metronome Click Tracks for ALL-LEVELS of Rehearsals and Performance,Technology,technology,,2023 BMR April,2023-bmr-april,https://texasbandmasters.org/wp-content/uploads/2023/10/2023_4_vela.pdf,https://texasbandmasters.org/document-library/
8094,Middle School Jazz Ensemble Rehearsal Techniques,Jazz,jazz,,2022 TBA Handout,2022-tba-handout,https://texasbandmasters.org/wp-content/uploads/2023/10/2022_uribe.pdf,https://texasbandmasters.org/document-library/
8022,Military Drill Charting Made Easy with Precision Drill Writing Software,Marching Band,marching-band,,2023 TBA Handout,2023-tba-handout,https://texasbandmasters.org/wp-content/uploads/2023/10/2023_gaertner.pdf,https://texasbandmasters.org/document-library/
9180,Military Marching Band 101,Marching Band,marching-band,,2013 TBA Handout,2013-tba-handout,https://texasbandmasters.org/wp-content/uploads/2023/11/2013_kelly_durham.pdf,https://texasbandmasters.org/document-library/
8209,"Military Marching Band for Directors and Adjudicators: The ABCs and I, II, IIIs?",Marching Band,marching-band,,2019 TBA Handout,2019-tba-handout,https://texasbandmasters.org/wp-content/uploads/2023/11/Military-Marching-Band-for-Directors-and-Adjudicators-Steven-Moore-Weston-Fisher-Susan-Scott.pdf,https://texasbandmasters.org/document-library/
11788,Military Marching Band: Strategies and Techniques of the 2024 State Military Marching Band Champions,Marching Band,marching-band,"Chris Clifton , George Little , Jacob Ramos , Weston Fisher",2025 TBA Handout,2025-tba-handout,https://texasbandmasters.org/wp-content/uploads/2026/01/Military-Marching-Band-Strategies-2024-State-Military-Champions-Clinicians-Chris-Clifton-Weston-Fisher-George-Little-Jacob-Ramos.pdf,https://texasbandmasters.org/document-library/
8522,"Mind the Ornaments: Setting Your Students Up for Audition Success with Flams, Ruffs and Rolls",Pedagogy-Percussion,pedagogy-percussion-2,,2017 BMR September,2017-bmr-september,https://texasbandmasters.org/wp-content/uploads/2023/11/2017-09-stern.pdf,https://texasbandmasters.org/document-library/
10634,More Band for your Buck!,General,general,,2024 TBA Handout,2024-tba-handout,https://texasbandmasters.org/wp-content/uploads/2024/08/More-Band-for-your-Buck.pdf,https://texasbandmasters.org/document-library/
11968,Mouthpiece Buzzing Exercises for Brass Players,Pedagogy-Brass,pedagogy-brass-2,Ron Wilkins,2003 TBA Handout,2003-tba-handout,https://texasbandmasters.org/wp-content/uploads/2026/01/2003-wilkins1.pdf,https://texasbandmasters.org/document-library/
11842,Mouthpiece Physics for All Brass Playing,Pedagogy-Brass,pedagogy-brass-2,Jason Harvey,2025 TBA Handout,2025-tba-handout,https://texasbandmasters.org/wp-content/uploads/2026/01/Mouthpiece-Physics-for-All-Brass-Playing-Clinician-Jason-Harvey.pdf,https://texasbandmasters.org/document-library/
11713,Movement: The Heartbeat of Modern Marching Band Design,Marching Band,marching-band,Michael Rosales,2024 BMR September,2024-bmr-september,https://texasbandmasters.org/wp-content/uploads/2026/01/2024_9_Rosales.pdf,https://texasbandmasters.org/document-library/
11844,Moving from Finale to Dorico – It’s Not as Difficult as You Think!,Technology,technology,Evan VanDoren,2025 TBA Handout,2025-tba-handout,https://texasbandmasters.org/wp-content/uploads/2026/01/Moving-from-Finale-to-Dorico-It-s-Not-as-Difficult-as-You-Think-Clinician-Evan-VanDoren.pdf,https://texasbandmasters.org/document-library/
9957,Moving to TExES?,General,general,,2005 TBA Handout,2005-tba-handout,https://texasbandmasters.org/wp-content/uploads/2023/11/2005-mccullar1.pdf,https://texasbandmasters.org/document-library/
8095,Moving Toward Success with Military Style Marching Band,Marching Band,marching-band,,2022 TBA Handout,2022-tba-handout,https://texasbandmasters.org/wp-content/uploads/2023/10/2022_little.pdf,https://texasbandmasters.org/document-library/
9878,Mr. Smith Goes to Bucharest: Fulbright Scholar’s Return Energizes Romanian Jazz Musicians,Jazz,jazz,,2005 BMR June,2005-bmr-june,https://texasbandmasters.org/wp-content/uploads/2023/11/2005-06-west1.pdf,https://texasbandmasters.org/document-library/
9720,Muscle Spasms in the Lower Back,Health/Wellness,health-wellness,,2007 BMR June,2007-bmr-june,https://texasbandmasters.org/wp-content/uploads/2023/11/2007-06-workman1.pdf,https://texasbandmasters.org/document-library/
9924,Music and Extracurriculars: A Balancing Act,General,general,,2005 BMR September,2005-bmr-september,https://texasbandmasters.org/wp-content/uploads/2023/11/2005-09-collins1.pdf,https://texasbandmasters.org/document-library/
7929,Music Heals: Sources of Strength and Inspiration,Health/Wellness,health-wellness,,2020 TBA Handout,2020-tba-handout,https://texasbandmasters.org/wp-content/uploads/2023/11/2020_crider.pdf,https://texasbandmasters.org/document-library/
8300,Music Is A Place For Everyone,Motivation/Inspiration,motivation-inspiration,,2019 BMR September,2019-bmr-september,https://texasbandmasters.org/wp-content/uploads/2023/11/2019_09_lautzenheiser.pdf,https://texasbandmasters.org/document-library/
9083,Music Learning: It Lasts a Lifetime,Motivation/Inspiration,motivation-inspiration,,2013 BMR April,2013-bmr-april,https://texasbandmasters.org/wp-content/uploads/2023/11/2013-04-lautzenheiser.pdf,https://texasbandmasters.org/document-library/
8211,Music Literacy-Easy as ABCDEFG!,Pedagogy-Ensemble,pedagogy-ensemble-2,,2019 TBA Handout,2019-tba-handout,https://texasbandmasters.org/wp-content/uploads/2023/11/Music-Literacy-Easy-as-ABCDEFG-Kristin-Hames-Katie-Lewis.pdf,https://texasbandmasters.org/document-library/
9105,Music: The Driving Force For All Learning,Motivation/Inspiration,motivation-inspiration,,2013 BMR June,2013-bmr-june,https://texasbandmasters.org/wp-content/uploads/2023/11/2013-06-lautzenheiser.pdf,https://texasbandmasters.org/document-library/
9845,Music’s Symbols and Messages,Conducting/Literature/Artistry,conducting-literature-artistry,,2006 TBA Handout,2006-tba-handout,https://texasbandmasters.org/wp-content/uploads/2023/11/2006-corporon1.pdf,https://texasbandmasters.org/document-library/
8350,Musical Excellence: The Hallmark of Texas Bands,General,general,,2018 BMR December,2018-bmr-december,https://texasbandmasters.org/wp-content/uploads/2023/11/2018-12-kent.pdf,https://texasbandmasters.org/document-library/
8837,Musical Mortals to Musical Zombies: How to Avoid the Band Cootie Apocalypse,Health/Wellness,health-wellness,,2015 TBA Handout,2015-tba-handout,https://texasbandmasters.org/wp-content/uploads/2023/11/2015_bridges.pdf,https://texasbandmasters.org/document-library/
8096,Musical Nourishment: Designing Your Daily Instructional Menu,Program Management,program-management,,2022 TBA Handout,2022-tba-handout,https://texasbandmasters.org/wp-content/uploads/2023/10/2022_burk.pdf,https://texasbandmasters.org/document-library/
7794,Musicianship in Marching Percussion,Marching Percussion,marching-percussion-2,,2021 TBA Handout,2021-tba-handout,https://texasbandmasters.org/wp-content/uploads/2023/11/2021_Ulibarri.pdf,https://texasbandmasters.org/document-library/
11908,Musicianship-A Lifelong Journey,Featured Clinician,featured-clinician,Dr. Stephen Peterson,2026 BMR January,2026-bmr-january,https://texasbandmasters.org/wp-content/uploads/2026/01/2026_1_Peterson.pdf,https://texasbandmasters.org/document-library/
10636,My Band Isn’t Going to UIL – Now What?,Program Management,program-management,,2024 TBA Handout,2024-tba-handout,https://texasbandmasters.org/wp-content/uploads/2024/08/My-Band-Isn-t-Going-to-UIL-Now-What.pdf,https://texasbandmasters.org/document-library/
9959,My First Arban,Pedagogy-Ensemble,pedagogy-ensemble-2,,2005 TBA Handout,2005-tba-handout,https://texasbandmasters.org/wp-content/uploads/2023/11/2005-foster1.pdf,https://texasbandmasters.org/document-library/
9825,My Life in the Army,General,general,,2006 BMR September,2006-bmr-september,https://texasbandmasters.org/wp-content/uploads/2023/11/2006-09-booker1.pdf,https://texasbandmasters.org/document-library/
8097,Mythbusters: Removing Assumptions from the Diversity Conversation,General,general,,2022 TBA Handout,2022-tba-handout,https://texasbandmasters.org/wp-content/uploads/2023/10/2022_lewis.pdf,https://texasbandmasters.org/document-library/
9294,MYTHBUSTERS: Taking the Guessing Game Out of UIL Marching Contest Rules,Marching Band,marching-band,,2012 TBA Handout,2012-tba-handout,https://texasbandmasters.org/wp-content/uploads/2023/11/2012_strickland.pdf,https://texasbandmasters.org/document-library/
9034,Nature versus Nurture and the Role Music Plays in Brain Development,General,general,,2014 TBA Handout,2014-tba-handout,https://texasbandmasters.org/wp-content/uploads/2023/11/Brumley-and-Brumley-Nature-versus-Nurture.pdf,https://texasbandmasters.org/document-library/
8098,Navigating Copyright and Publishing in an Ever-Changing World,General,general,,2022 TBA Handout,2022-tba-handout,https://texasbandmasters.org/wp-content/uploads/2023/10/2022_clark.pdf,https://texasbandmasters.org/document-library/
8746,Need a Fabulous Horn Section?,Pedagogy-Brass,pedagogy-brass-2,,2016 TBA Handout,2016-tba-handout,https://texasbandmasters.org/wp-content/uploads/2023/11/Lambrecht-R-Need-a-Fabulous-Horn-Section.pdf,https://texasbandmasters.org/document-library/
10638,Neuroscience Insights: Empowering Educators for Enhanced Performance,Health/Wellness,health-wellness,,2024 TBA Handout,2024-tba-handout,https://texasbandmasters.org/wp-content/uploads/2024/08/Neuroscience-Insights-Empowering-Educators-for-Enhanced-Performance-1-1.pdf,https://texasbandmasters.org/document-library/
8748,Nine Important Lessons & Nearly Two Dozen Pretty Good Rules for Becoming a Better Band Director,General,general,,2016 TBA Handout,2016-tba-handout,https://texasbandmasters.org/wp-content/uploads/2023/11/Lambrecht-Barbara-Nine-Important-Lessons-and-Nearly-Two-Dozen-Pretty-Good-Rules-for-Becoming-a-Better-Band-Director.pdf,https://texasbandmasters.org/document-library/
9597,No Double Reeds? No Horns? No Problem! Making the Music Fit Your Band,General,general,,2009 TBA Handout,2009-tba-handout,https://texasbandmasters.org/wp-content/uploads/2023/11/2009-patterson.pdf,https://texasbandmasters.org/document-library/
7865,No Double Reeds? No Horns? No Problem! Making the Music Fit Your Band,Pedagogy-Ensemble,pedagogy-ensemble-2,,2021 BMR December,2021-bmr-december,https://texasbandmasters.org/wp-content/uploads/2023/11/2021_12_patterson.pdf,https://texasbandmasters.org/document-library/
10640,No Experience and No Class Period: Program Wide Benefits of a Healthy Jazz Band,Jazz,jazz,,2024 TBA Handout,2024-tba-handout,https://texasbandmasters.org/wp-content/uploads/2024/08/No-Experience-and-No-Class-Period-Program-Wide-Benefits-of-a-Healthy-Jazz-Band.pdf,https://texasbandmasters.org/document-library/
9036,No More Limitations! Composing and Choosing Band Music for All Levels,Composer,composer,,2014 TBA Handout,2014-tba-handout,https://texasbandmasters.org/wp-content/uploads/2023/11/Balmages-Brian-No-More-Limitiations.pdf,https://texasbandmasters.org/document-library/
9296,No More Limitations! Composing and Choosing Band Music for All Levels,Composer,composer,,2012 TBA Handout,2012-tba-handout,https://texasbandmasters.org/wp-content/uploads/2023/11/2012_balmages.pdf,https://texasbandmasters.org/document-library/
9376,No Place Like Texas,Motivation/Inspiration,motivation-inspiration,,2011 BMR June,2011-bmr-june,https://texasbandmasters.org/wp-content/uploads/2023/11/2011-6-Crider.pdf,https://texasbandmasters.org/document-library/
8099,No Sweat Clarinet! – Teaching Clarinet Beginners,Beginner Band-Woodwind,beginner-band-woodwind-2,,2022 TBA Handout,2022-tba-handout,https://texasbandmasters.org/wp-content/uploads/2023/10/2022_garza.pdf,https://texasbandmasters.org/document-library/
11734,No. AI Will Not Be Replacing Teachers. Here’s Why,Technology,technology,Dr. Jim Frankel,2025 BMR January,2025-bmr-january,https://texasbandmasters.org/wp-content/uploads/2026/01/2025_1_Frankel.pdf,https://texasbandmasters.org/document-library/
11806,Non-Woodwind Person’s Guide to Woodwind Teaching,Pedagogy-Woodwind,pedagogy-woodwind-2,"Don LeFevre , Dr. Gary Garner",2025 TBA Handout,2025-tba-handout,https://texasbandmasters.org/wp-content/uploads/2026/01/Non-Woodwind-Person-s-Guide-to-Woodwind-Teaching-Clinicians-Dr.-Gary-Garner-Don-LeFevre.pdf,https://texasbandmasters.org/document-library/
8254,Normal Struggles of Young Band Directors,Health/Wellness,health-wellness,,2019 BMR April,2019-bmr-april,https://texasbandmasters.org/wp-content/uploads/2023/11/2019_04_little.pdf,https://texasbandmasters.org/document-library/
10642,"Not Better, Not Worse, Just Different: Embracing what makes us different to create a culture of success",General,general,,2024 TBA Handout,2024-tba-handout,https://texasbandmasters.org/wp-content/uploads/2024/08/Not-Better-Not-Worse-Just-Differen-Embracing-what-makes-us-different-to-create-a-culture-of-success.pdf,https://texasbandmasters.org/document-library/
8100,Notes from the Road: Successfully Navigating Your First Year as a Band Director,General,general,,2022 TBA Handout,2022-tba-handout,https://texasbandmasters.org/wp-content/uploads/2023/10/2022_denis.pdf,https://texasbandmasters.org/document-library/
7875,Now is the Time to Reinvent,Recruiting/Retention,recruiting-retention,,2021 BMR June,2021-bmr-june,https://texasbandmasters.org/wp-content/uploads/2023/11/2021_6_vogtwilliams.pdf,https://texasbandmasters.org/document-library/
10644,Nurturing Individual Musicianship Through Chamber Music,Conducting/Literature/Artistry,conducting-literature-artistry,,2024 TBA Handout,2024-tba-handout,https://texasbandmasters.org/wp-content/uploads/2024/08/Nurturing-Individual-Musicianship-Through-Chamber-Music.pdf,https://texasbandmasters.org/document-library/
11885,October Moves Pretty Fast,Marching Band,marching-band,Jarrett Lipman,2025 BMR September,2025-bmr-september,https://texasbandmasters.org/wp-content/uploads/2026/01/2025_9_Lipman.pdf,https://texasbandmasters.org/document-library/
12130,Of Course I Want To Be In Band! Recruiting New Band Students,Recruiting/Retention,recruiting-retention,"Cindy Lansford , James Smith",2004 TBA Handout,2004-tba-handout,https://texasbandmasters.org/wp-content/uploads/2023/11/2004-lansfordsmith.pdf,https://texasbandmasters.org/document-library/
9038,Oldies But Goodies from the UIL PML List: Music That Matters for Young Band,Conducting/Literature/Artistry,conducting-literature-artistry,,2014 TBA Handout,2014-tba-handout,https://texasbandmasters.org/wp-content/uploads/2023/11/Floyd-Gurgel-Oldies-But-Goodies.pdf,https://texasbandmasters.org/document-library/
7867,On a Wing and a Prayer,General,general,,2021 BMR December,2021-bmr-december,https://texasbandmasters.org/wp-content/uploads/2023/11/2021_12_allen-1.pdf,https://texasbandmasters.org/document-library/
12076,One Happy Family: Notes Camaraderie,Health/Wellness,health-wellness,Dr. Barry Bittman,2004 BMR June,2004-bmr-june,https://texasbandmasters.org/wp-content/uploads/2023/11/2004-06-bittman1.pdf,https://texasbandmasters.org/document-library/
9640,One Person Makes a Difference: A Tribute to Al and Jan Sturchio,Band History,band-history,,2008 BMR September,2008-bmr-september,https://texasbandmasters.org/wp-content/uploads/2023/11/2008-09-lautzenheiser.pdf,https://texasbandmasters.org/document-library/
9375,One Size Does Not Fit All,Pedagogy,pedagogy,,2011 BMR December,2011-bmr-december,https://texasbandmasters.org/wp-content/uploads/2023/11/2011-12-johnson.pdf,https://texasbandmasters.org/document-library/
7931,Online Music Instruction Phase 2: Strategies for Deeper Learning No Matter What Happens Next,Technology,technology,,2020 TBA Handout,2020-tba-handout,https://texasbandmasters.org/wp-content/uploads/2023/11/2020_cox.pdf,https://texasbandmasters.org/document-library/
9900,Opening a New School: From Beginners to Advanced,Program Management,program-management,,2005 BMR March,2005-bmr-march,https://texasbandmasters.org/wp-content/uploads/2023/11/2005-03-russell1.pdf,https://texasbandmasters.org/document-library/
10646,Orchestrating Success: Guiding Incoming Students from Start to Finish,Beginner Band,beginner-band,,2024 TBA Handout,2024-tba-handout,https://texasbandmasters.org/wp-content/uploads/2024/08/Orchestrating-Success-Guiding-Incoming-Students-from-Start-to-Finish.pdf,https://texasbandmasters.org/document-library/
9880,Organization for Success,Program Management,program-management,,2005 BMR June,2005-bmr-june,https://texasbandmasters.org/wp-content/uploads/2023/11/2005-06-shine1.pdf,https://texasbandmasters.org/document-library/
9961,Organization For Success In a Complete Band Program,Program Management,program-management,,2005 TBA Handout,2005-tba-handout,https://texasbandmasters.org/wp-content/uploads/2023/11/2005-shine.pdf,https://texasbandmasters.org/document-library/
8963,Organizational Communication: Getting the Message Out,Program Management,program-management,,2014 BMR June,2014-bmr-june,https://texasbandmasters.org/wp-content/uploads/2023/11/2014-06-vandewalker.pdf,https://texasbandmasters.org/document-library/
8065,"OUR DAVID’S MOVE: Sculpting 101 Revisited, 14 years later",Pedagogy,pedagogy,,2023 BMR April,2023-bmr-april,https://texasbandmasters.org/wp-content/uploads/2023/10/2023_4_jackson-1.pdf,https://texasbandmasters.org/document-library/
9464,"Out with the Old, In with the New: It?s Time to Create a 21st Century Booster Organizational Slate of Officers!",Boosters,boosters,,2010 BMR March,2010-bmr-march,https://texasbandmasters.org/wp-content/uploads/2023/11/2010-03-vandewalker.pdf,https://texasbandmasters.org/document-library/
11846,Overcoming Obstacles: Team Teaching in the Title I Setting,Title I,title-i,"Alan Chrzanowski , Billy Laird , Jesus Martinez , Michelle Ross",2025 TBA Handout,2025-tba-handout,https://texasbandmasters.org/wp-content/uploads/2026/01/Overcoming-Obstacles-Team-Teaching-in-the-Title-I-Setting-Clinicians-Alan-Chrzanowski-Billy-Laird-Jesus-Martinez-Michelle-Ross.pdf,https://texasbandmasters.org/document-library/
8486,Overcoming the Clarinet Undertone: Suggestions for Students and Teachers,Pedagogy-Woodwind,pedagogy-woodwind-2,,2017 BMR April,2017-bmr-april,https://texasbandmasters.org/wp-content/uploads/2023/11/2017-04-corley.pdf,https://texasbandmasters.org/document-library/
9298,Pacing to Performance,Marching Band,marching-band,,2012 TBA Handout,2012-tba-handout,https://texasbandmasters.org/wp-content/uploads/2023/11/2012_shuttlesworth.pdf,https://texasbandmasters.org/document-library/
9245,Pacing to Performance: How to Maximize Fundamentals and Drill for Success,Marching Band,marching-band,,2012 BMR September,2012-bmr-september,https://texasbandmasters.org/wp-content/uploads/2023/11/2012-09-shuttlesworth.pdf,https://texasbandmasters.org/document-library/
9247,Panhandle Band History: A Reflection,Band History,band-history,,2012 BMR September,2012-bmr-september,https://texasbandmasters.org/wp-content/uploads/2023/11/2012-09-myers.pdf,https://texasbandmasters.org/document-library/
9300,Panhandle Band History: A Reflection,Band History,band-history,,2012 TBA Handout,2012-tba-handout,https://texasbandmasters.org/wp-content/uploads/2023/11/2012_garner.pdf,https://texasbandmasters.org/document-library/
11848,Paperless Band Hall 2.0,Technology,technology,Dean Surface,2025 TBA Handout,2025-tba-handout,https://texasbandmasters.org/wp-content/uploads/2026/01/Paperless-Band-Hall-2.0-Clinician-Dean-Surface.pdf,https://texasbandmasters.org/document-library/
8101,"Part 1: Teaching Ensemble Skills, Thinking About Basics",Pedagogy-Ensemble,pedagogy-ensemble-2,,2022 TBA Handout,2022-tba-handout,https://texasbandmasters.org/wp-content/uploads/2023/10/2022_mcinturf.pdf,https://texasbandmasters.org/document-library/
8102,"Part 2: Teaching Ensemble Skills, Daily Drill",Pedagogy-Ensemble,pedagogy-ensemble-2,,2022 TBA Handout,2022-tba-handout,https://texasbandmasters.org/wp-content/uploads/2023/10/2022_merrill.pdf,https://texasbandmasters.org/document-library/
8103,Partners in Crime: Optimizing the Role of Assistant Director,General,general,,2022 TBA Handout,2022-tba-handout,https://texasbandmasters.org/wp-content/uploads/2023/10/2022_enriquez.pdf,https://texasbandmasters.org/document-library/
9732,Partnerships for Success,General,general,,2007 BMR December,2007-bmr-december,https://texasbandmasters.org/wp-content/uploads/2023/11/2007-12-hipp1.pdf,https://texasbandmasters.org/document-library/
8338,Passing the Torch: Strategies For Mentoring Student Teachers,General,general,,2018 BMR April,2018-bmr-april,https://texasbandmasters.org/wp-content/uploads/2023/11/2018-04-allen.pdf,https://texasbandmasters.org/document-library/
7973,Pay Attention and Respond Appropriately-Band Teaches Both,General,general,,2020 BMR September,2020-bmr-september,https://texasbandmasters.org/wp-content/uploads/2023/11/2020_09_kick.pdf,https://texasbandmasters.org/document-library/
9097,Paying Homage to a Beloved Texas Band Director: The Eddie Galvan Consortium,Band History,band-history,,2013 BMR December,2013-bmr-december,https://texasbandmasters.org/wp-content/uploads/2023/11/2013-12-ramirez.pdf,https://texasbandmasters.org/document-library/
9040,Pedagogy From the Podium,Pedagogy-Ensemble,pedagogy-ensemble-2,,2014 TBA Handout,2014-tba-handout,https://texasbandmasters.org/wp-content/uploads/2023/11/Herrings-Pedagogy-from-the-Podium.pdf,https://texasbandmasters.org/document-library/
8104,Pedagogy From the Podium,Pedagogy-Ensemble,pedagogy-ensemble-2,,2022 TBA Handout,2022-tba-handout,https://texasbandmasters.org/wp-content/uploads/2023/10/2022_allen.pdf,https://texasbandmasters.org/document-library/
9042,Percussion Depot,Pedagogy-Percussion,pedagogy-percussion-2,,2014 TBA Handout,2014-tba-handout,https://texasbandmasters.org/wp-content/uploads/2023/11/2014_hinojosa.pdf,https://texasbandmasters.org/document-library/
8213,Performance and Rehearsal Techniques with the Vista Ridge Drumline,Marching Percussion,marching-percussion-2,,2019 TBA Handout,2019-tba-handout,https://texasbandmasters.org/wp-content/uploads/2023/11/Performance-and-Rehearsal-Techniques-with-the-Vista-Ridge-Drumline-Hector-Gil.pdf,https://texasbandmasters.org/document-library/
8750,Performance Techniques of the Contemporary Marching Percussion Ensemble,Marching Percussion,marching-percussion-2,,2016 TBA Handout,2016-tba-handout,https://texasbandmasters.org/wp-content/uploads/2023/11/Chavez-Wessels-Performance-Techniques-of-the-Contemporary-Marching-Percussion-Ensemble.pdf,https://texasbandmasters.org/document-library/
8360,"Persistence, Persistence, and More Persistence!",Motivation/Inspiration,motivation-inspiration,,2018 BMR June,2018-bmr-june,https://texasbandmasters.org/wp-content/uploads/2023/11/2018-06-lautzenheiser.pdf,https://texasbandmasters.org/document-library/
9382,Persistence: The Guaranteed Fuel For Success,Motivation/Inspiration,motivation-inspiration,,2011 BMR March,2011-bmr-march,https://texasbandmasters.org/wp-content/uploads/2023/11/2011-03-lautzenheiser.pdf,https://texasbandmasters.org/document-library/
8139,Persistence: The Guaranteed Fuel For Success,Motivation/Inspiration,motivation-inspiration,,2022 BMR June,2022-bmr-june,https://texasbandmasters.org/wp-content/uploads/2023/10/2022_6_lautzenheiser.pdf,https://texasbandmasters.org/document-library/
8274,Perspective Makes a Difference,General,general,,2019 BMR December,2019-bmr-december,https://texasbandmasters.org/wp-content/uploads/2023/11/2019_12_little.pdf,https://texasbandmasters.org/document-library/
7796,Perspectives from the 2020 Marching Season,Marching Band,marching-band,,2021 TBA Handout,2021-tba-handout,https://texasbandmasters.org/wp-content/uploads/2023/11/2021_Lipman.pdf,https://texasbandmasters.org/document-library/
8583,Perspectives on Performance,Pedagogy-Ensemble,pedagogy-ensemble-2,,2017 TBA Handout,2017-tba-handout,https://texasbandmasters.org/wp-content/uploads/2023/11/Clardy-Dick-Matysiak-Larry-Yancey-Rick-Perspectives-on-Performance.pdf,https://texasbandmasters.org/document-library/
9115,Phi Beta Mu Celebrates 75th Anniversary,Band History,band-history,,2013 BMR September,2013-bmr-september,https://texasbandmasters.org/wp-content/uploads/2023/11/2013-06-wells.pdf,https://texasbandmasters.org/document-library/
8436,Picking Pieces for Picky People,Featured Clinician,featured-clinician,,2018 TBA Handout,2018-tba-handout,https://texasbandmasters.org/wp-content/uploads/2023/11/Picking-Pieces-for-Picky-People-Cheryl-Floyd.pdf,https://texasbandmasters.org/document-library/
9417,Pioneer Legends of South Texas,Band History,band-history,,2011 TBA Handout,2011-tba-handout,https://texasbandmasters.org/wp-content/uploads/2023/11/2011_guajardo.pdf,https://texasbandmasters.org/document-library/
9383,Pioneer Legends of the Permian Basin,Band History,band-history,,2011 BMR March,2011-bmr-march,https://texasbandmasters.org/wp-content/uploads/2023/11/2011-03-storie.pdf,https://texasbandmasters.org/document-library/
11850,Pitch Perfect,Pedagogy-Ensemble,pedagogy-ensemble-2,Shelley Jagow,2025 TBA Handout,2025-tba-handout,https://texasbandmasters.org/wp-content/uploads/2026/01/Problem-A-Decade-of-Collaboration-Empowering-Non-Varsity-Bands-for-Long-Term-Success-Clinicians-Stephen-Lisko-Mark-Schroeder.pdf,https://texasbandmasters.org/document-library/
12129,Pitfalls Are The Pits! The Most Common Mistakes Band Directors Make,General,general,Don Haynes,2004 TBA Handout,2004-tba-handout,https://texasbandmasters.org/wp-content/uploads/2023/11/2004-haynes1.pdf,https://texasbandmasters.org/document-library/
8585,Pitfalls to Avoid When Dealing With Double Reeds,Pedagogy-Woodwind,pedagogy-woodwind-2,,2017 TBA Handout,2017-tba-handout,https://texasbandmasters.org/wp-content/uploads/2023/11/Auerbach-Jennifer-Bohls-Sally-Pitfalls-to-Avoid-When-Dealing-with-Double-Reeds.pdf,https://texasbandmasters.org/document-library/
12077,Placing Pitch “In the Pocket”,Pedagogy-Brass,pedagogy-brass-2,Dr. John Ericson,2004 BMR June,2004-bmr-june,https://texasbandmasters.org/wp-content/uploads/2023/11/2004-06-bittman1.pdf,https://texasbandmasters.org/document-library/
9302,Placing the Right Kids on Oboe and Bassoon,Beginner Band-Woodwind,beginner-band-woodwind-2,,2012 TBA Handout,2012-tba-handout,https://texasbandmasters.org/wp-content/uploads/2023/11/2012_bohls_1.pdf,https://texasbandmasters.org/document-library/
8438,"Planning Every Rehearsal for Maximum Effect – If It’s Not Written Down, It Won’t Happen",Pedagogy-Ensemble,pedagogy-ensemble-2,,2018 TBA Handout,2018-tba-handout,https://texasbandmasters.org/wp-content/uploads/2023/11/Planning-Every-Rehearsal-for-Maximum-Effect-If-It-s-Not-Written-Down-It-Won-t-Happen-Munoz.pdf,https://texasbandmasters.org/document-library/
8440,Planning for Success with Bands of America System of Competition,Marching Band,marching-band,,2018 TBA Handout,2018-tba-handout,https://texasbandmasters.org/wp-content/uploads/2023/11/Planning-for-Success-with-BOA-System-of-Competition-Markum.pdf,https://texasbandmasters.org/document-library/
8672,Planning For the Fall Marching Season,Marching Band,marching-band,,2016 BMR April,2016-bmr-april,https://texasbandmasters.org/wp-content/uploads/2023/11/2016-04-gilmore.pdf,https://texasbandmasters.org/document-library/
8023,"Plant in the Fall, Harvest in the Spring: Creating Superior High School Non-Varsity Bands",Program Management,program-management,,2023 TBA Handout,2023-tba-handout,https://texasbandmasters.org/wp-content/uploads/2023/10/2023_lehmann.pdf,https://texasbandmasters.org/document-library/
10648,Playing Accessory Percussion Correctly,Pedagogy-Percussion,pedagogy-percussion-2,,2024 TBA Handout,2024-tba-handout,https://texasbandmasters.org/wp-content/uploads/2024/08/Playing-Accessory-Percussion-Correctly.pdf,https://texasbandmasters.org/document-library/
7798,Playing Catch Up: Rebuilding and Remediation for the MS Band,Pedagogy-Ensemble,pedagogy-ensemble-2,,2021 TBA Handout,2021-tba-handout,https://texasbandmasters.org/wp-content/uploads/2023/11/2021_Robertson.pdf,https://texasbandmasters.org/document-library/
12069,Playing the Trombone: The Primer,Pedagogy-Brass,pedagogy-brass-2,Walter Barrett,2004 BMR September,2004-bmr-september,https://texasbandmasters.org/wp-content/uploads/2023/11/2004-09-barrett1.pdf,https://texasbandmasters.org/document-library/
7800,Podium Perspective on Percussion,Pedagogy-Percussion,pedagogy-percussion-2,,2021 TBA Handout,2021-tba-handout,https://texasbandmasters.org/wp-content/uploads/2023/11/2021_Dixon.pdf,https://texasbandmasters.org/document-library/
11910,Podium Ready Programs-Choosing Appropriate & Educational Middle School Literature,Conducting/Literature/Artistry,conducting-literature-artistry,"Jennifer Dillard , President Elect",2026 BMR January,2026-bmr-january,https://texasbandmasters.org/wp-content/uploads/2026/01/2026_1_Dillard.pdf,https://texasbandmasters.org/document-library/
9722,Pondering the Plight Presented by the Presence of Pesky Problems of Pitch,Pedagogy,pedagogy,,2007 BMR June,2007-bmr-june,https://texasbandmasters.org/wp-content/uploads/2023/11/2007-06-garner1.pdf,https://texasbandmasters.org/document-library/
9770,Pondering the Plight Produced by the Presence of Pesky Problems of Pitch Part 1,Pedagogy,pedagogy,,2007 TBA Handout,2007-tba-handout,https://texasbandmasters.org/wp-content/uploads/2023/11/2007-garner1.pdf,https://texasbandmasters.org/document-library/
9798,Posture and the Horn Player,Pedagogy-Brass,pedagogy-brass-2,,2006 BMR June,2006-bmr-june,https://texasbandmasters.org/wp-content/uploads/2023/11/2006-06-ericson1.pdf,https://texasbandmasters.org/document-library/
9182,Power Practicing with Harry Watters,Pedagogy,pedagogy,,2013 TBA Handout,2013-tba-handout,https://texasbandmasters.org/wp-content/uploads/2023/11/2013_watters.pdf,https://texasbandmasters.org/document-library/
8839,Power Practicing With Harry Watters (Jazz-Based Teaching Strategies for Cross-Genre Success),Pedagogy,pedagogy,,2015 TBA Handout,2015-tba-handout,https://texasbandmasters.org/wp-content/uploads/2023/11/2015_watters.pdf,https://texasbandmasters.org/document-library/
8105,"Power, Presence, and Passion: The Best of the BAC Brass Program",Marching Band,marching-band,,2022 TBA Handout,2022-tba-handout,https://texasbandmasters.org/wp-content/uploads/2023/10/2022_lipman.pdf,https://texasbandmasters.org/document-library/
8215,Practical Daily Routines for the Average Middle and High School Trumpet Player,Pedagogy-Brass,pedagogy-brass-2,,2019 TBA Handout,2019-tba-handout,https://texasbandmasters.org/wp-content/uploads/2023/11/Practical-Daily-Routines-for-the-Average-MS-and-HS-Trumpet-Player-Kenneth-Capshaw.pdf,https://texasbandmasters.org/document-library/
8488,Practice Effectively: Go Slow to Go Fast,Pedagogy,pedagogy,,2017 BMR April,2017-bmr-april,https://texasbandmasters.org/wp-content/uploads/2023/11/2017-04-meyer.pdf,https://texasbandmasters.org/document-library/
8965,Practice Tips for Learning Texas All-State Etudes,Pedagogy,pedagogy,,2014 BMR June,2014-bmr-june,https://texasbandmasters.org/wp-content/uploads/2023/11/2014-06-guenther.pdf,https://texasbandmasters.org/document-library/
9419,Preparation Paves the Road to Region Band,Pedagogy,pedagogy,,2011 TBA Handout,2011-tba-handout,https://texasbandmasters.org/wp-content/uploads/2023/11/2011_benzer.pdf,https://texasbandmasters.org/document-library/
9963,Preparing For An Interview,General,general,,2005 TBA Handout,2005-tba-handout,https://texasbandmasters.org/wp-content/uploads/2023/11/2005-crain1.pdf,https://texasbandmasters.org/document-library/
9677,Preparing Middle School Students for High School Success,Recruiting/Retention,recruiting-retention,,2008 TBA Handout,2008-tba-handout,https://texasbandmasters.org/wp-content/uploads/2023/11/2008-brandon-davis1.pdf,https://texasbandmasters.org/document-library/
12128,Preparing The Small School Band For Contest,Small School,small-school,Dr. Charles Trayler,2004 TBA Handout,2004-tba-handout,https://texasbandmasters.org/wp-content/uploads/2023/11/2004-trayler1.pdf,https://texasbandmasters.org/document-library/
7802,"Preparing Your Band for Success – Utilizing Consultants, Mentors, and Clinicians",Program Management,program-management,,2021 TBA Handout,2021-tba-handout,https://texasbandmasters.org/wp-content/uploads/2023/11/2021_Rhea.pdf,https://texasbandmasters.org/document-library/
9521,Preparing Your Ensemble for Expressive Performances,Pedagogy-Ensemble,pedagogy-ensemble-2,,2010 TBA Handout,2010-tba-handout,https://texasbandmasters.org/wp-content/uploads/2023/11/2010-sheldon.pdf,https://texasbandmasters.org/document-library/
7804,Prescription Rx – Design Fixes Within the Season,Marching Band,marching-band,,2021 TBA Handout,2021-tba-handout,https://texasbandmasters.org/wp-content/uploads/2023/11/2021_Biskup.pdf,https://texasbandmasters.org/document-library/
8106,Preserve Your Most Valuable Teaching Asset-Preventing Hearing Loss,Health/Wellness,health-wellness,,2022 TBA Handout,2022-tba-handout,https://texasbandmasters.org/wp-content/uploads/2023/10/2022_bearden.pdf,https://texasbandmasters.org/document-library/
8752,Principles of Playing Brass Instruments,Pedagogy-Brass,pedagogy-brass-2,,2016 TBA Handout,2016-tba-handout,https://texasbandmasters.org/wp-content/uploads/2023/11/Malone-Principles-of-Brass-Playing.pdf,https://texasbandmasters.org/document-library/
9523,Priorities and Efficiencies: Essential Fundamentals of Brass Playing,Pedagogy-Brass,pedagogy-brass-2,,2010 TBA Handout,2010-tba-handout,https://texasbandmasters.org/wp-content/uploads/2023/11/2010-dixon.pdf,https://texasbandmasters.org/document-library/
11736,Priorities for Developing a Good Band Sound,Pedagogy-Ensemble,pedagogy-ensemble-2,David Rollins,2025 BMR January,2025-bmr-january,https://texasbandmasters.org/wp-content/uploads/2026/01/2025_1_Rollins.pdf,https://texasbandmasters.org/document-library/
9847,Producing Outstanding Musicians Through Preparation For Region/District Band Auditions,Pedagogy,pedagogy,,2006 TBA Handout,2006-tba-handout,https://texasbandmasters.org/wp-content/uploads/2023/11/2006-countryman1.pdf,https://texasbandmasters.org/document-library/
9044,Programming for Your Young Band,Pedagogy-Ensemble,pedagogy-ensemble-2,,2014 TBA Handout,2014-tba-handout,https://texasbandmasters.org/wp-content/uploads/2023/11/2014_idlebird_krupicka.pdf,https://texasbandmasters.org/document-library/
10650,Progressive Armonia Studies: A Simple Approach,Mariachi,mariachi,,2024 TBA Handout,2024-tba-handout,https://texasbandmasters.org/wp-content/uploads/2024/08/Progressive-Armon-a-Studies-A-Simple-Approach.pdf,https://texasbandmasters.org/document-library/
10652,Project Clarinet (Beginning Clarinet),Beginner Band-Woodwind,beginner-band-woodwind-2,,2024 TBA Handout,2024-tba-handout,https://texasbandmasters.org/wp-content/uploads/2024/08/Project-Clarinet-Beginning-Clarinet.pdf,https://texasbandmasters.org/document-library/
8217,Promoting a Culture of Excellence Through Change,Motivation/Inspiration,motivation-inspiration,,2019 TBA Handout,2019-tba-handout,https://texasbandmasters.org/wp-content/uploads/2023/11/Promoting-a-Culture-of-Excellence-Through-Change-Jason-Robb-Ryan-Johnstone.pdf,https://texasbandmasters.org/document-library/
7806,Proper Care and Feeding of Your Beginner Flute Class – Setting up for Success Down the Road,Beginner Band-Woodwind,beginner-band-woodwind-2,,2021 TBA Handout,2021-tba-handout,https://texasbandmasters.org/wp-content/uploads/2023/11/2021_Blackburn.pdf,https://texasbandmasters.org/document-library/
8884,Proper Instrument Height for Percussionists,Pedagogy-Percussion,pedagogy-percussion-2,,2015 BMR April,2015-bmr-april,https://texasbandmasters.org/wp-content/uploads/2023/11/2015-04-meyer.pdf,https://texasbandmasters.org/document-library/
9304,Purposeful Percussion: Is Your Marching Percussion Section Helping or Hurting the Ensemble?,Marching Percussion,marching-percussion-2,,2012 TBA Handout,2012-tba-handout,https://texasbandmasters.org/wp-content/uploads/2023/11/2012_thomas.pdf,https://texasbandmasters.org/document-library/
8442,Putting on Your Musical Makeup,Featured Clinician,featured-clinician,,2018 TBA Handout,2018-tba-handout,https://texasbandmasters.org/wp-content/uploads/2023/11/Putting-on-Your-Musical-Makeup-Richard-Floyd.pdf,https://texasbandmasters.org/document-library/
7808,Quality Over Quantity-The Advantages of Teaching Band in Small Rural Schools,Small School,small-school,,2021 TBA Handout,2021-tba-handout,https://texasbandmasters.org/wp-content/uploads/2023/11/2021_Beach.pdf,https://texasbandmasters.org/document-library/
8587,Questions Student Leaders Will Never Ask You!,Motivation/Inspiration,motivation-inspiration,,2017 TBA Handout,2017-tba-handout,https://texasbandmasters.org/wp-content/uploads/2023/11/2017-kick.pdf,https://texasbandmasters.org/document-library/
9965,Re-writing Parts in Band Music,General,general,,2005 TBA Handout,2005-tba-handout,https://texasbandmasters.org/wp-content/uploads/2023/11/2005-allen1.pdf,https://texasbandmasters.org/document-library/
8066,READY – AIM – FIRE!,Motivation/Inspiration,motivation-inspiration,,2023 BMR April,2023-bmr-april,https://texasbandmasters.org/wp-content/uploads/2023/10/2023_4_lautzenheiser.pdf,https://texasbandmasters.org/document-library/
7810,"Rebuilding Relationships: Students, Staff, Parents",Program Management,program-management,,2021 TBA Handout,2021-tba-handout,https://texasbandmasters.org/wp-content/uploads/2023/11/2021_Armstrong.pdf,https://texasbandmasters.org/document-library/
9306,"Recording And Playback In The Band Rehearsal: How, When, And Why",Technology,technology,,2012 TBA Handout,2012-tba-handout,https://texasbandmasters.org/wp-content/uploads/2023/11/2012_gavin.pdf,https://texasbandmasters.org/document-library/
8340,Recording Your Band To Better Ensemble Outcomes,Technology,technology,,2018 BMR April,2018-bmr-april,https://texasbandmasters.org/wp-content/uploads/2023/11/2018-04-genevro.pdf,https://texasbandmasters.org/document-library/
8059,"Recruit ’em, Start ’em, Keep ’em!",Recruiting/Retention,recruiting-retention,,2023 BMR January,2023-bmr-january,https://texasbandmasters.org/wp-content/uploads/2023/10/2023_1_hummel.pdf,https://texasbandmasters.org/document-library/
11738,Recruit for Beginning Band as a College Football Coach Recruits for Football,Recruiting/Retention,recruiting-retention,David Dunham,2025 BMR January,2025-bmr-january,https://texasbandmasters.org/wp-content/uploads/2026/01/2025_1_Dunham.pdf,https://texasbandmasters.org/document-library/
11808,Recruiting and Retaining the Sigmas: A Guide to Recruiting and Retaining a New Era of Middle School Students,Recruiting/Retention,recruiting-retention,"Kim Cooley , Rachael Baldwin",2025 TBA Handout,2025-tba-handout,https://texasbandmasters.org/wp-content/uploads/2026/01/Recruiting-and-Retaining-the-Sigmas-A-Guide-to-Recruiting-and-Retaining-Clinicians-Rachael-Baldwin-Kim-Cooley.pdf,https://texasbandmasters.org/document-library/
8256,Recruiting and Retention,Recruiting/Retention,recruiting-retention,,2019 BMR April,2019-bmr-april,https://texasbandmasters.org/wp-content/uploads/2023/11/2019_04_gribble.pdf,https://texasbandmasters.org/document-library/
9308,Recruiting and Retention – Middle School: From Beginner Drives to Motivating Students to Continue on to High School Band,Recruiting/Retention,recruiting-retention,,2012 TBA Handout,2012-tba-handout,https://texasbandmasters.org/wp-content/uploads/2023/11/2012_cooley_1_2.pdf,https://texasbandmasters.org/document-library/
9046,Recruiting and Retention-Building Numbers in Your Program,Recruiting/Retention,recruiting-retention,,2014 TBA Handout,2014-tba-handout,https://texasbandmasters.org/wp-content/uploads/2023/11/2014_gibson_sorelle_perez.pdf,https://texasbandmasters.org/document-library/
11912,Recruiting the Sigmas: A Guide to Recruiting a New Era ofMiddle School Students,Recruiting/Retention,recruiting-retention,"Kim Cooley , Rachael Baldwin",2026 BMR January,2026-bmr-january,https://texasbandmasters.org/wp-content/uploads/2026/01/2026_1_Baldwin_Cooley.pdf,https://texasbandmasters.org/document-library/
8302,"Recruiting, Retaining, and Motivating Your Title I Students",Title I,title-i,,2019 BMR September,2019-bmr-september,https://texasbandmasters.org/wp-content/uploads/2023/11/2019_09_jimenez.pdf,https://texasbandmasters.org/document-library/
7877,Recruitment and Retention,Recruiting/Retention,recruiting-retention,,2021 BMR June,2021-bmr-june,https://texasbandmasters.org/wp-content/uploads/2023/11/2021_6_lautzenheiser.pdf,https://texasbandmasters.org/document-library/
9599,Recruitment and Retention Revisited,Recruiting/Retention,recruiting-retention,,2009 TBA Handout,2009-tba-handout,https://texasbandmasters.org/wp-content/uploads/2023/11/2009-gibson.pdf,https://texasbandmasters.org/document-library/
8107,"Recruitment, Retention, Results: Teaching Clarinet at a Title One School",Pedagogy-Woodwind,pedagogy-woodwind-2,,2022 TBA Handout,2022-tba-handout,https://texasbandmasters.org/wp-content/uploads/2023/10/2022_garza_jennifer.pdf,https://texasbandmasters.org/document-library/
10654,Redefining Excellence in a Changing Landscape,Program Management,program-management,,2024 TBA Handout,2024-tba-handout,https://texasbandmasters.org/wp-content/uploads/2024/08/Redefining-Excellence-in-a-Changing-Landscape.pdf,https://texasbandmasters.org/document-library/
8219,Reed My Lips: Answers to Improving Your Beginning Clarinetists,Beginner Band-Woodwind,beginner-band-woodwind-2,,2019 TBA Handout,2019-tba-handout,https://texasbandmasters.org/wp-content/uploads/2023/11/Reed-My-Lips-Answers-to-Improving-Beginning-Clarinetists-Corey-Parks-Andrrew-Weak.pdf,https://texasbandmasters.org/document-library/
8589,Reeder’s Digest: A Comprehensive Guide to Beginning Clarinet,Beginner Band-Woodwind,beginner-band-woodwind-2,,2017 TBA Handout,2017-tba-handout,https://texasbandmasters.org/wp-content/uploads/2023/11/Cumberledge-Christing-San-Luis-Manuel-Shin-Jessica-Reeders-Digest-A-Comprehensive-Guide-to-Beginning-Clarinet.pdf,https://texasbandmasters.org/document-library/
8444,Refining Ensemble Intonation Using the Yamaha Harmony Director,Pedagogy-Ensemble,pedagogy-ensemble-2,,2018 TBA Handout,2018-tba-handout,https://texasbandmasters.org/wp-content/uploads/2023/11/Refining-Ensemble-Intonation-Using-the-Yamaha-Harmony-Director-Stern.pdf,https://texasbandmasters.org/document-library/
8841,Refining the Vision for Your Program,General,general,,2015 TBA Handout,2015-tba-handout,https://texasbandmasters.org/wp-content/uploads/2023/11/2015_gibbs.pdf,https://texasbandmasters.org/document-library/
9184,Reflections and Refractions: A Journey Through the Conductors Looking Glass,Conducting/Literature/Artistry; Featured Clinician,conducting-literature-artistry; featured-clinician,,2013 TBA Handout,2013-tba-handout,https://texasbandmasters.org/wp-content/uploads/2023/11/2013_corporon.pdf,https://texasbandmasters.org/document-library/
8685,Reflections Of My Life As A Band Director’s Spouse,General,general,,2016 BMR June,2016-bmr-june,https://texasbandmasters.org/wp-content/uploads/2023/11/2016-06-parsons.pdf,https://texasbandmasters.org/document-library/
7951,Reflections on Band in a Pandemic,General,general,,2020 BMR December,2020-bmr-december,https://texasbandmasters.org/wp-content/uploads/2023/11/2020_12_cox.pdf,https://texasbandmasters.org/document-library/
8894,Reflections on District Honor Band,General,general,,2015 BMR December,2015-bmr-december,https://texasbandmasters.org/wp-content/uploads/2023/11/2015-12-gribble.pdf,https://texasbandmasters.org/document-library/
9882,Reflections: How Music Affected My Life,Motivation/Inspiration,motivation-inspiration,,2005 BMR June,2005-bmr-june,https://texasbandmasters.org/wp-content/uploads/2023/11/2005-06-black1.pdf,https://texasbandmasters.org/document-library/
8498,Reflections…,Motivation/Inspiration,motivation-inspiration,,2017 BMR December,2017-bmr-december,https://texasbandmasters.org/wp-content/uploads/2023/11/2017-12-perez.pdf,https://texasbandmasters.org/document-library/
8446,Rehearsal Magic for the Young and the Restless,Featured Clinician,featured-clinician,,2018 TBA Handout,2018-tba-handout,https://texasbandmasters.org/wp-content/uploads/2023/11/Rehearsal-Magic-for-the-Young-and-the-Restless-Cheryl-Floyd.pdf,https://texasbandmasters.org/document-library/
8362,Rehearsal Strategies Employing The Yamaha Harmony Director Keyboard,Pedagogy-Ensemble,pedagogy-ensemble-2,,2018 BMR June,2018-bmr-june,https://texasbandmasters.org/wp-content/uploads/2023/11/2018-06-stern.pdf,https://texasbandmasters.org/document-library/
9048,Rehearsal Strategies-Organizing a Rehearsal and Accomplishing Goals While Maintaining Discipline,Pedagogy-Ensemble,pedagogy-ensemble-2,,2014 TBA Handout,2014-tba-handout,https://texasbandmasters.org/wp-content/uploads/2023/11/2014_benzer.pdf,https://texasbandmasters.org/document-library/
8591,"Rehearsal: Purpose, Plan, Prepare, Perform",Pedagogy-Ensemble,pedagogy-ensemble-2,,2017 TBA Handout,2017-tba-handout,https://texasbandmasters.org/wp-content/uploads/2023/11/McInturf-Matthew-Rehearsal-Purpose-Plan-Prepare-Perform.pdf,https://texasbandmasters.org/document-library/
8108,Rehearsing Grade 3 Wind Band Music: Teaching And Making Music Is A Challenge At Any Level,Featured Clinician,featured-clinician,,2022 TBA Handout,2022-tba-handout,https://texasbandmasters.org/wp-content/uploads/2023/10/2022_corporon_rehearsing.pdf,https://texasbandmasters.org/document-library/
10153,Remembering Our “WHY?”,Motivation/Inspiration,motivation-inspiration,,2024 BMR January,2024-bmr-january,https://texasbandmasters.org/wp-content/uploads/2024/01/2024_1_dillard.pdf,https://texasbandmasters.org/document-library/
8304,Remembering Why We Love What We Do!,Motivation/Inspiration,motivation-inspiration,,2019 BMR September,2019-bmr-september,https://texasbandmasters.org/wp-content/uploads/2023/11/2019_09_clements.pdf,https://texasbandmasters.org/document-library/
11914,Repertoire Selection for Artistic Achievement,Conducting/Literature/Artistry,conducting-literature-artistry,"Cheryl Floyd , Richard Floyd",2026 BMR January,2026-bmr-january,https://texasbandmasters.org/wp-content/uploads/2026/01/2026_1_Floyd_Floyd.pdf,https://texasbandmasters.org/document-library/
11852,"Repertoire Selection for Artistic Achievement-Is It Craft, or Is It Art, and Does It Matter?",Conducting/Literature/Artistry,conducting-literature-artistry,"Cheryl Floyd , Richard Floyd",2025 TBA Handout,2025-tba-handout,https://texasbandmasters.org/wp-content/uploads/2026/01/Repertoire-Selection-for-Artistic-Achievement-Clinicians-Richard-Floyd-Cheryl-Floyd.pdf,https://texasbandmasters.org/document-library/
9554,Rescue Your Summer in Three Simple Steps,Program Management,program-management,,2009 BMR June,2009-bmr-june,https://texasbandmasters.org/wp-content/uploads/2023/11/2009-06-gilmore.pdf,https://texasbandmasters.org/document-library/
11916,Reset & Recharge: January Strategies for Your Beginning Band,Motivation/Inspiration,motivation-inspiration,Jolette Wine,2026 BMR January,2026-bmr-january,https://texasbandmasters.org/wp-content/uploads/2026/01/2026_1_Wine.pdf,https://texasbandmasters.org/document-library/
8754,Retaining Students in Your Program The Music You Play Matters,Recruiting/Retention,recruiting-retention,,2016 TBA Handout,2016-tba-handout,https://texasbandmasters.org/wp-content/uploads/2023/11/Floyd-Cheryl-Richard-Retaining-Students-The-Music-You-Play-Matters.pdf,https://texasbandmasters.org/document-library/
8673,Retaining the Tech-Savvy Generation,Technology,technology,,2016 BMR April,2016-bmr-april,https://texasbandmasters.org/wp-content/uploads/2023/11/2016-04-mlynczak.pdf,https://texasbandmasters.org/document-library/
9249,Rewind and Start Again,Pedagogy,pedagogy,,2012 BMR September,2012-bmr-september,https://texasbandmasters.org/wp-content/uploads/2023/11/2012-09-lambrecht.pdf,https://texasbandmasters.org/document-library/
11854,Rewired The Incredible Benefits of Getting Back to Basics,Pedagogy,pedagogy,Boston Brass,2025 TBA Handout,2025-tba-handout,https://texasbandmasters.org/wp-content/uploads/2026/01/Rewired-The-Incredible-Benefits-of-Getting-Back-to-Basics-Clinicians-Boston-Brass.pdf,https://texasbandmasters.org/document-library/
7845,Richard Kole-A Texas Legend,Band History,band-history,,2021 BMR April,2021-bmr-april,https://texasbandmasters.org/wp-content/uploads/2023/11/2021_4_brumley.pdf,https://texasbandmasters.org/document-library/
9564,Right on the Wrong End,Motivation/Inspiration,motivation-inspiration,,2009 BMR March,2009-bmr-march,https://texasbandmasters.org/wp-content/uploads/2023/11/2009-03-gilmore.pdf,https://texasbandmasters.org/document-library/
8352,Road Signs For Personal Success,Motivation/Inspiration,motivation-inspiration,,2018 BMR December,2018-bmr-december,https://texasbandmasters.org/wp-content/uploads/2023/11/2018-12-lautzenheiser.pdf,https://texasbandmasters.org/document-library/
9186,Rock Their World: Use What They Know To Teach What You Know!,Motivation/Inspiration,motivation-inspiration,,2013 TBA Handout,2013-tba-handout,https://texasbandmasters.org/wp-content/uploads/2023/11/2013_allen_2.pdf,https://texasbandmasters.org/document-library/
11856,Rome Wasn’t Built in a Day,Pedagogy-Ensemble,pedagogy-ensemble-2,"Jessica Powell , Kim Garza",2025 TBA Handout,2025-tba-handout,https://texasbandmasters.org/wp-content/uploads/2026/01/Rome-Wasn-t-Built-in-a-Day-Clinicians-Kim-Garza-Jessica-Powell.pdf,https://texasbandmasters.org/document-library/
7812,Round Two: FIGHT!,Recruiting/Retention,recruiting-retention,,2021 TBA Handout,2021-tba-handout,https://texasbandmasters.org/wp-content/uploads/2023/11/2021_VogtWilliams.pdf,https://texasbandmasters.org/document-library/
8843,Saxophone Performance Tips,Pedagogy-Woodwind,pedagogy-woodwind-2,,2015 TBA Handout,2015-tba-handout,https://texasbandmasters.org/wp-content/uploads/2023/11/2015_klock.pdf,https://texasbandmasters.org/document-library/
8593,Scales at every (ST)AGE,Pedagogy-Ensemble,pedagogy-ensemble-2,,2017 TBA Handout,2017-tba-handout,https://texasbandmasters.org/wp-content/uploads/2023/11/Haburay-Debra-Scales-at-every-STAGE.pdf,https://texasbandmasters.org/document-library/
7869,School Jazz Rhythm Sections – From the Beginning,Jazz,jazz,,2021 BMR December,2021-bmr-december,https://texasbandmasters.org/wp-content/uploads/2023/11/2021_12_dunscomb.pdf,https://texasbandmasters.org/document-library/
11858,Score Study and Rehearsal Prep for Young Directors,Conducting/Literature/Artistry,conducting-literature-artistry,Aaron Brown,2025 TBA Handout,2025-tba-handout,https://texasbandmasters.org/wp-content/uploads/2026/01/Score-Study-and-Rehearsal-Prep-for-Young-Directors-Clinician-Aaron-Brown.pdf,https://texasbandmasters.org/document-library/
9310,Score Study–Don’t Be Scared!,Conducting/Literature/Artistry; Featured Clinician,conducting-literature-artistry; featured-clinician,,2012 TBA Handout,2012-tba-handout,https://texasbandmasters.org/wp-content/uploads/2023/11/2012_sedatole_2.pdf,https://texasbandmasters.org/document-library/
9679,Score Study-“The Best Part of Your Day”,Conducting/Literature/Artistry,conducting-literature-artistry,,2008 TBA Handout,2008-tba-handout,https://texasbandmasters.org/wp-content/uploads/2023/11/2008-vanwinkle1.pdf,https://texasbandmasters.org/document-library/
9525,Sculpting 101,Beginner Band,beginner-band,,2010 TBA Handout,2010-tba-handout,https://texasbandmasters.org/wp-content/uploads/2023/11/2010-jackson.pdf,https://texasbandmasters.org/document-library/
9572,Sculpting 101,Pedagogy,pedagogy,,2009 BMR September,2009-bmr-september,https://texasbandmasters.org/wp-content/uploads/2023/11/2009-09-jackson.pdf,https://texasbandmasters.org/document-library/
8109,Secret Steps to Building an Ultra Successful Small School Band,Small School,small-school,,2022 TBA Handout,2022-tba-handout,https://texasbandmasters.org/wp-content/uploads/2023/10/2022_mauldin.pdf,https://texasbandmasters.org/document-library/
11749,Sectionals 101,Pedagogy,pedagogy,"Jennifer Dillard , Vice President",2025 BMR April,2025-bmr-april,https://texasbandmasters.org/wp-content/uploads/2026/01/2025_4_Dillard.pdf,https://texasbandmasters.org/document-library/
10656,"See a Need, Fill a Need: Roles of Assistant Directors on a Team",Program Management,program-management,,2024 TBA Handout,2024-tba-handout,https://texasbandmasters.org/wp-content/uploads/2024/08/See-a-Need-Fill-a-Need-Roles-of-Assistant-Directors-on-a-Team.pdf,https://texasbandmasters.org/document-library/
7814,Seeing Around the Corner – How to be an Effective Assistant,Program Management,program-management,,2021 TBA Handout,2021-tba-handout,https://texasbandmasters.org/wp-content/uploads/2023/11/2021_Harvey.pdf,https://texasbandmasters.org/document-library/
9967,Selecting Literature for the Non-Varsity Band,Conducting/Literature/Artistry,conducting-literature-artistry,,2005 TBA Handout,2005-tba-handout,https://texasbandmasters.org/wp-content/uploads/2023/11/2005-prado1.pdf,https://texasbandmasters.org/document-library/
9050,Selecting Mariachi Repertoire That is Fun for Your Students and Audience,Mariachi,mariachi,,2014 TBA Handout,2014-tba-handout,https://texasbandmasters.org/wp-content/uploads/2023/11/2014_molina.pdf,https://texasbandmasters.org/document-library/
9884,Selecting Quality Literature for Your High School Band,Conducting/Literature/Artistry,conducting-literature-artistry,,2005 BMR June,2005-bmr-june,https://texasbandmasters.org/wp-content/uploads/2023/11/2005-06-silverman1.pdf,https://texasbandmasters.org/document-library/
12338,Selecting Student Leaders: Looking Beyond Talent and Toward Trust,Student Leadership,student-leadership,Jeremy Spicer,2026 BMR April,2026-bmr-april,,https://texasbandmasters.org/document-library/
10658,"Selling Your Program, the 3 R’s: Recruitment, Retention, Rally",Recruiting/Retention,recruiting-retention,,2024 TBA Handout,2024-tba-handout,https://texasbandmasters.org/wp-content/uploads/2024/08/Selling-Your-Program-the-3-R-s-Recruitment-Retention-Rally.pdf,https://texasbandmasters.org/document-library/
7816,Sequencing for Success: A Guide to Beginning Percussion Pedagogy,Beginner Band-Percussion,beginner-band-percussion-2,,2021 TBA Handout,2021-tba-handout,https://texasbandmasters.org/wp-content/uploads/2023/11/2021_Bingaman.pdf,https://texasbandmasters.org/document-library/
8276,Servant Leadership,General,general,,2019 BMR December,2019-bmr-december,https://texasbandmasters.org/wp-content/uploads/2023/11/2019_12_lautzenheiser.pdf,https://texasbandmasters.org/document-library/
12085,Set-Up For Success,General,general,Elliot Del Borgo,2004 BMR March,2004-bmr-march,https://texasbandmasters.org/wp-content/uploads/2023/11/2004-03-delborgo1.pdf,https://texasbandmasters.org/document-library/
9527,Setting Beginner Priorities,Beginner Band,beginner-band,,2010 TBA Handout,2010-tba-handout,https://texasbandmasters.org/wp-content/uploads/2023/11/2010-countryman.pdf,https://texasbandmasters.org/document-library/
9772,Setting Rehearsal Priorities: Getting the Most out of the Warm-Up Routine,Pedagogy-Ensemble,pedagogy-ensemble-2,,2007 TBA Handout,2007-tba-handout,https://texasbandmasters.org/wp-content/uploads/2023/11/2007-king2.pdf,https://texasbandmasters.org/document-library/
10660,Setting Up Your Marching Band for Success: Music Content and Performance Considerations,Marching Band,marching-band,,2024 TBA Handout,2024-tba-handout,https://texasbandmasters.org/wp-content/uploads/2024/08/Setting-Up-Your-Marching-Band-for-Success-Music-Content-and-Performance-Considerations.pdf,https://texasbandmasters.org/document-library/
8024,Shape the Future of Your Marching Season,Marching Band,marching-band,,2023 TBA Handout,2023-tba-handout,https://texasbandmasters.org/wp-content/uploads/2023/10/2023_desoto.pdf,https://texasbandmasters.org/document-library/
8067,Shape the Future of Your Marching Season,Marching Band,marching-band,,2023 BMR April,2023-bmr-april,https://texasbandmasters.org/wp-content/uploads/2023/10/2023_4_santos.pdf,https://texasbandmasters.org/document-library/
9734,Sharing the Good News with the Right People,Motivation/Inspiration,motivation-inspiration,,2007 BMR December,2007-bmr-december,https://texasbandmasters.org/wp-content/uploads/2023/11/2007-12-lautzenheiser1.pdf,https://texasbandmasters.org/document-library/
12070,Sharpen the Axe,Motivation/Inspiration,motivation-inspiration,Randy Gilmore,2004 BMR September,2004-bmr-september,https://texasbandmasters.org/wp-content/uploads/2023/11/2004-09-gilmore1.pdf,https://texasbandmasters.org/document-library/
9969,Show Drumming: The Essential Guide to Playing Drumset For Live Shows and Musicals,Jazz,jazz,,2005 TBA Handout,2005-tba-handout,https://texasbandmasters.org/wp-content/uploads/2023/11/2005-shaughnessy1.pdf,https://texasbandmasters.org/document-library/
7879,Show Them You Know Them,General,general,,2021 BMR June,2021-bmr-june,https://texasbandmasters.org/wp-content/uploads/2023/11/2021_6_croomes.pdf,https://texasbandmasters.org/document-library/
7818,"Show Them You Know Them: Building an Inclusive, Student-Centered Music Program",General,general,,2021 TBA Handout,2021-tba-handout,https://texasbandmasters.org/wp-content/uploads/2023/11/2021_Croomes.pdf,https://texasbandmasters.org/document-library/
9870,Sight Reading = Time Leverage for Ensembles,Pedagogy,pedagogy,,2005 BMR December,2005-bmr-december,https://texasbandmasters.org/wp-content/uploads/2023/11/2005-12-fritz1.pdf,https://texasbandmasters.org/document-library/
9902,Sight-Reading and Dyslexia: An Insoluble Problem?,Health/Wellness,health-wellness,,2005 BMR March,2005-bmr-march,https://texasbandmasters.org/wp-content/uploads/2023/11/2005-03-hyde1.pdf,https://texasbandmasters.org/document-library/
7820,"Sightreading, My Favorite Contest Preparation",Pedagogy-Ensemble,pedagogy-ensemble-2,,2021 TBA Handout,2021-tba-handout,https://texasbandmasters.org/wp-content/uploads/2023/11/2021_Lambrecht.pdf,https://texasbandmasters.org/document-library/
8025,Simple and Sustainable Methods for Clearer Style,Pedagogy-Ensemble,pedagogy-ensemble-2,,2023 TBA Handout,2023-tba-handout,https://texasbandmasters.org/wp-content/uploads/2023/10/2023_hunter.pdf,https://texasbandmasters.org/document-library/
7953,Simple Solutions for Virtual Concerts,Technology,technology,,2020 BMR December,2020-bmr-december,https://texasbandmasters.org/wp-content/uploads/2023/11/2020_12_schayot.pdf,https://texasbandmasters.org/document-library/
7933,Simple Solutions for Virtual Concerts,Technology,technology,,2020 TBA Handout,2020-tba-handout,https://texasbandmasters.org/wp-content/uploads/2023/11/2020_schayot.pdf,https://texasbandmasters.org/document-library/
8221,Single Reed Success,Pedagogy-Woodwind,pedagogy-woodwind-2,,2019 TBA Handout,2019-tba-handout,https://texasbandmasters.org/wp-content/uploads/2023/11/Single-Reed-Success-Greg-Countryman.pdf,https://texasbandmasters.org/document-library/
8306,Single Reed Success (Part 1),Pedagogy-Woodwind,pedagogy-woodwind-2,,2019 BMR September,2019-bmr-september,https://texasbandmasters.org/wp-content/uploads/2023/11/2019_09_countryman.pdf,https://texasbandmasters.org/document-library/
8278,Single Reed Success (Part 2),Pedagogy-Woodwind,pedagogy-woodwind-2,,2019 BMR December,2019-bmr-december,https://texasbandmasters.org/wp-content/uploads/2023/11/2019_12_countryman.pdf,https://texasbandmasters.org/document-library/
8110,Slide Into Teaching Beginner Trombone,Beginner Band-Brass,beginner-band-brass-2,,2022 TBA Handout,2022-tba-handout,https://texasbandmasters.org/wp-content/uploads/2023/10/2022_Hanegan.pdf,https://texasbandmasters.org/document-library/
8448,Slow and Steady Wins the Race,Pedagogy-Ensemble,pedagogy-ensemble-2,,2018 TBA Handout,2018-tba-handout,https://texasbandmasters.org/wp-content/uploads/2023/11/Slow-and-Steady-Wins-the-Race-Graves-Herrings.pdf,https://texasbandmasters.org/document-library/
8111,Small Band – Big Responsibility,Small School,small-school,,2022 TBA Handout,2022-tba-handout,https://texasbandmasters.org/wp-content/uploads/2023/10/2022_nichelson.pdf,https://texasbandmasters.org/document-library/
11790,Small School Marching Band – The Dos and Don’ts,Marching Band,marching-band,"Jesus Perez , Zachary Sims",2025 TBA Handout,2025-tba-handout,https://texasbandmasters.org/wp-content/uploads/2026/01/Small-School-Marching-Band-The-Dos-and-Don-ts-Clinicians-Jesus-Perez-Zachary-Sims.pdf,https://texasbandmasters.org/document-library/
8026,Small School/Big Results: Tips and Tricks for Building a Successful Small School Band,Small School,small-school,,2023 TBA Handout,2023-tba-handout,https://texasbandmasters.org/wp-content/uploads/2023/10/2023_mauldin.pdf,https://texasbandmasters.org/document-library/
8756,Small Town Swing – Starting and Maintaining a Jazz Program in a Small School,Jazz,jazz,,2016 TBA Handout,2016-tba-handout,https://texasbandmasters.org/wp-content/uploads/2023/11/Childs-Small-Town-Jazz-Starting-and-Maintaing-a-Jazz-Program-in-a-Small-School.pdf,https://texasbandmasters.org/document-library/
12127,So Now You’re a Band Director – Now What? A Guide to Success for the Young Teacher,General,general,Peter Warshaw,2004 TBA Handout,2004-tba-handout,https://texasbandmasters.org/wp-content/uploads/2023/11/2004-warshaw1.pdf,https://texasbandmasters.org/document-library/
9085,So You Think You Can’t Spin,Marching Guard,marching-guard-2,,2013 BMR April,2013-bmr-april,https://texasbandmasters.org/wp-content/uploads/2023/11/2013-04-gravois-murr-1.pdf,https://texasbandmasters.org/document-library/
9188,"So You Think You Can’t Spin? Colorguard Clinic Designed for A, AA, AAA Bands",Marching Guard,marching-guard-2,,2013 TBA Handout,2013-tba-handout,https://texasbandmasters.org/wp-content/uploads/2023/11/2013_murr_sosa.pdf,https://texasbandmasters.org/document-library/
9712,So You Want to be an Administrator?,General,general,,2007 BMR March,2007-bmr-march,https://texasbandmasters.org/wp-content/uploads/2023/11/2007-03-brashear1.pdf,https://texasbandmasters.org/document-library/
9786,So You Want to Tune Your Flutes,Pedagogy-Woodwind,pedagogy-woodwind-2,,2006 BMR December,2006-bmr-december,https://texasbandmasters.org/wp-content/uploads/2023/11/2006-12-vaughn1.pdf,https://texasbandmasters.org/document-library/
9681,So You’re the New Sherriff in Town? Now What?,Program Management,program-management,,2008 TBA Handout,2008-tba-handout,https://texasbandmasters.org/wp-content/uploads/2023/11/2008-bradford1.pdf,https://texasbandmasters.org/document-library/
8223,So… You Wanna Be A Drummer?!?!?,Pedagogy-Percussion,pedagogy-percussion-2,,2019 TBA Handout,2019-tba-handout,https://texasbandmasters.org/wp-content/uploads/2023/11/So-You-Wanna-Be-A-Drummer-John-Hinojosa.pdf,https://texasbandmasters.org/document-library/
8450,Solid Start: Setting Up Beginning Band Brass Students for Success in the First Semester,Beginner Band,beginner-band,,2018 TBA Handout,2018-tba-handout,https://texasbandmasters.org/wp-content/uploads/2023/11/Solid-Start-Setting-Up-Beginning-Band-Brass-for-Success-Burk-Meredith.pdf,https://texasbandmasters.org/document-library/
8452,Solid Start: Setting Up Beginning Band Woodwind Students for Success in the First Semester,Beginner Band-Woodwind,beginner-band-woodwind-2,,2018 TBA Handout,2018-tba-handout,https://texasbandmasters.org/wp-content/uploads/2023/11/Solid-Start-Setting-Up-Beginning-Band-Woodwind-Students-for-Success-DeSoto-Johnson.pdf,https://texasbandmasters.org/document-library/
9556,Solution-Driven Leadership: The Ultimate Choice,Motivation/Inspiration,motivation-inspiration,,2009 BMR June,2009-bmr-june,https://texasbandmasters.org/wp-content/uploads/2023/11/2009-06-lautzenheiser.pdf,https://texasbandmasters.org/document-library/
9601,Solving Rhythm Problems in the Ensemble,Pedagogy-Ensemble,pedagogy-ensemble-2,,2009 TBA Handout,2009-tba-handout,https://texasbandmasters.org/wp-content/uploads/2023/11/2009-whaley.pdf,https://texasbandmasters.org/document-library/
9683,Solving the Low Brass Embouchure,Pedagogy-Brass,pedagogy-brass-2,,2008 TBA Handout,2008-tba-handout,https://texasbandmasters.org/wp-content/uploads/2023/11/2008-rideoutwarny1.pdf,https://texasbandmasters.org/document-library/
8595,"Solving the Woodwind Puzzle: Five Instruments, Three Big Ideas",Pedagogy-Woodwind,pedagogy-woodwind-2,,2017 TBA Handout,2017-tba-handout,https://texasbandmasters.org/wp-content/uploads/2023/11/West-Charles-Solving-the-Woodwind-Puzzle.pdf,https://texasbandmasters.org/document-library/
9620,Some Basic Tips on Improving Jazz Ensemble Scores at Festivals and Contest,Jazz,jazz,,2008 BMR June,2008-bmr-june,https://texasbandmasters.org/wp-content/uploads/2023/11/2008-06-mendoza1.pdf,https://texasbandmasters.org/document-library/
8845,Some Things I’ve Learned at TBA In the Past 40 Years,Featured Clinician,featured-clinician,,2015 TBA Handout,2015-tba-handout,https://texasbandmasters.org/wp-content/uploads/2023/11/2015_keene.pdf,https://texasbandmasters.org/document-library/
12071,Some Thoughts on Breathing and Support,Pedagogy,pedagogy,Martin Schuring,2004 BMR September,2004-bmr-september,https://texasbandmasters.org/wp-content/uploads/2023/11/2004-09-schuring1.pdf,https://texasbandmasters.org/document-library/
12339,Sometimes All it Takes is One Word,Motivation/Inspiration,motivation-inspiration,"Christopher Yee , President",2026 BMR April,2026-bmr-april,,https://texasbandmasters.org/document-library/
9849,Sound Concepts – The Quest For Color,Pedagogy-Ensemble,pedagogy-ensemble-2,,2006 TBA Handout,2006-tba-handout,https://texasbandmasters.org/wp-content/uploads/2023/11/2006-keene1.pdf,https://texasbandmasters.org/document-library/
7955,Sowing Seeds,Motivation/Inspiration,motivation-inspiration,,2020 BMR December,2020-bmr-december,https://texasbandmasters.org/wp-content/uploads/2023/11/2020_12_little.pdf,https://texasbandmasters.org/document-library/
9444,Special Needs Students and the Instrumental Music Class,General,general,,2010 BMR December,2010-bmr-december,https://texasbandmasters.org/wp-content/uploads/2023/11/2010-12-engelmann.pdf,https://texasbandmasters.org/document-library/
9788,Spend Time on Fundamentals For a Better Musical Result,Pedagogy,pedagogy,,2006 BMR December,2006-bmr-december,https://texasbandmasters.org/wp-content/uploads/2023/11/2006-12-toups1.pdf,https://texasbandmasters.org/document-library/
9971,Spending Time to Save Time,General,general,,2005 TBA Handout,2005-tba-handout,https://texasbandmasters.org/wp-content/uploads/2023/11/2005-clardy1.pdf,https://texasbandmasters.org/document-library/
8967,Spotlight on Composers,Composer,composer,,2014 BMR June,2014-bmr-june,https://texasbandmasters.org/wp-content/uploads/2023/11/2014-06-owens.pdf,https://texasbandmasters.org/document-library/
8364,Spotlight on YBDT – Bridging the Gap,General,general,,2018 BMR June,2018-bmr-june,https://texasbandmasters.org/wp-content/uploads/2023/11/2018-06-vereen.pdf,https://texasbandmasters.org/document-library/
9685,Spouse’s Financial Seminar,General,general,,2008 TBA Handout,2008-tba-handout,https://texasbandmasters.org/wp-content/uploads/2023/11/2008-vaughn-spouse1.pdf,https://texasbandmasters.org/document-library/
8951,Start With The End in Mind!,Pedagogy,pedagogy,,2014 BMR December,2014-bmr-december,https://texasbandmasters.org/wp-content/uploads/2023/11/2014-12-gilmore.pdf,https://texasbandmasters.org/document-library/
9529,Starting Beginner Percussion,Pedagogy-Percussion,pedagogy-percussion-2,,2010 TBA Handout,2010-tba-handout,https://texasbandmasters.org/wp-content/uploads/2023/11/2010-dick.pdf,https://texasbandmasters.org/document-library/
8225,Starting Beginner Saxes Off Right,Beginner Band-Woodwind,beginner-band-woodwind-2,,2019 TBA Handout,2019-tba-handout,https://texasbandmasters.org/wp-content/uploads/2023/11/Starting-Beginner-Saxes-Off-Right-Sherry-Poteet-Nick-Flood.pdf,https://texasbandmasters.org/document-library/
8918,Starting Beginners — The Tall and the Short of It,Beginner Band,beginner-band,,2015 BMR September,2015-bmr-september,https://texasbandmasters.org/wp-content/uploads/2023/11/2015-09-brown.pdf,https://texasbandmasters.org/document-library/
7847,Starting Middle School Bass Clarinet,Beginner Band-Woodwind,beginner-band-woodwind-2,,2021 BMR April,2021-bmr-april,https://texasbandmasters.org/wp-content/uploads/2023/11/2021_4_o-meara.pdf,https://texasbandmasters.org/document-library/
12086,Starting the Young Double Reed Player,Beginner Band-Woodwind,beginner-band-woodwind-2,Richard Rath,2004 BMR March,2004-bmr-march,https://texasbandmasters.org/wp-content/uploads/2023/11/2004-03-rath1.pdf,https://texasbandmasters.org/document-library/
10662,Stayin’ Alive,General,general,,2024 TBA Handout,2024-tba-handout,https://texasbandmasters.org/wp-content/uploads/2024/08/Stayin-Alive.pdf,https://texasbandmasters.org/document-library/
8758,Staying the Course: A Navigation Guide for Head Band Directors,General,general,,2016 TBA Handout,2016-tba-handout,https://texasbandmasters.org/wp-content/uploads/2023/11/Beach-Johnson-McBryde-Turner-Staying-the-Course-A-Navigation-Guide-for-Head-Band-Directors.pdf,https://texasbandmasters.org/document-library/
8454,Stepping Up to the Plate,General,general,,2018 TBA Handout,2018-tba-handout,https://texasbandmasters.org/wp-content/uploads/2023/11/Stepping-Up-to-the-Plate-Hargrave.pdf,https://texasbandmasters.org/document-library/
9736,Stimulus/Response…The Secret of Sightreading,Pedagogy,pedagogy,,2007 BMR December,2007-bmr-december,https://texasbandmasters.org/wp-content/uploads/2023/11/2007-12-gates1.pdf,https://texasbandmasters.org/document-library/
8027,Stop Wasting Time Teaching New Exercises – Let Us Do It for You – An Interactive Look at the UDB Virtual Curriculum,Marching Band,marching-band,,2023 TBA Handout,2023-tba-handout,https://texasbandmasters.org/wp-content/uploads/2023/10/2023_atkinson_udb.pdf,https://texasbandmasters.org/document-library/
8227,Stop! Phones Out of Your Pockets and on Your Stands!,Technology,technology,,2019 TBA Handout,2019-tba-handout,https://texasbandmasters.org/wp-content/uploads/2023/11/Stop-Phones-Out-of-Your-Pockets-and-on-Your-Stands-Albert-Vela.pdf,https://texasbandmasters.org/document-library/
12078,Stopping the Leak: How to Keep Kids in Your Program,Recruiting/Retention,recruiting-retention,Nick Nicholson,2004 BMR June,2004-bmr-june,https://texasbandmasters.org/wp-content/uploads/2023/11/2004-06-nicholson1.pdf,https://texasbandmasters.org/document-library/
12126,Stopping the Leak…How to Keep Kids in Your Program,Recruiting/Retention,recruiting-retention,"Nick Nicholson , Richard Maher , Sue Fletcher , Teri Poole-Brockway",2004 TBA Handout,2004-tba-handout,https://texasbandmasters.org/wp-content/uploads/2023/11/2004-nicholson.pdf,https://texasbandmasters.org/document-library/
8112,Story Tellers And Guides: The Impact Of Artistry,Featured Clinician,featured-clinician,,2022 TBA Handout,2022-tba-handout,https://texasbandmasters.org/wp-content/uploads/2023/10/2022_corporon_story.pdf,https://texasbandmasters.org/document-library/
8113,"Straight to the Top: Building Relationships, Expectations, and Advocating with Administration",Small School,small-school,,2022 TBA Handout,2022-tba-handout,https://texasbandmasters.org/wp-content/uploads/2023/10/2022_harper.pdf,https://texasbandmasters.org/document-library/
9107,Strategic Plans to Multiply: Defining and Communicating Your Band’s Culture,General,general,,2013 BMR June,2013-bmr-june,https://texasbandmasters.org/wp-content/uploads/2023/11/2013-06-vandewalker.pdf,https://texasbandmasters.org/document-library/
9973,Strategies and Solutions for the Low Clarinets,Pedagogy-Woodwind,pedagogy-woodwind-2,,2005 TBA Handout,2005-tba-handout,https://texasbandmasters.org/wp-content/uploads/2023/11/2005-collins.pdf,https://texasbandmasters.org/document-library/
8308,Strategies for Success: Thoughts for New (and Veteran) Teachers,General,general,,2019 BMR September,2019-bmr-september,https://texasbandmasters.org/wp-content/uploads/2023/11/2019_09_menghini.pdf,https://texasbandmasters.org/document-library/
9190,Strategies for Teaching Beginner Woodwinds in a Multiple Instrument Setting,Beginner Band-Woodwind,beginner-band-woodwind-2,,2013 TBA Handout,2013-tba-handout,https://texasbandmasters.org/wp-content/uploads/2023/11/2013_liebst_miller.pdf,https://texasbandmasters.org/document-library/
7957,Student Leadership in the Concert Ensemble,Student Leadership,student-leadership,,2020 BMR December,2020-bmr-december,https://texasbandmasters.org/wp-content/uploads/2023/11/2020_12_troyka.pdf,https://texasbandmasters.org/document-library/
9642,Student Leadership Training Doesn’t End at Camp,Student Leadership,student-leadership,,2008 BMR September,2008-bmr-september,https://texasbandmasters.org/wp-content/uploads/2023/11/2008-09-troyka.pdf,https://texasbandmasters.org/document-library/
12125,Student Leadership: Leading by Being an Exemplary Role Model,General,general,Tim Lautzenheiser,2004 TBA Handout,2004-tba-handout,https://texasbandmasters.org/wp-content/uploads/2023/11/2004-lautzenheiser.pdf,https://texasbandmasters.org/document-library/
9466,Student Leadership: To lead is to serve…to give…to achieve together,Motivation/Inspiration,motivation-inspiration,,2010 BMR March,2010-bmr-march,https://texasbandmasters.org/wp-content/uploads/2023/11/2010-03-lautzenheiser.pdf,https://texasbandmasters.org/document-library/
8229,Success for All: Making Band Work for Every Student!,General,general,,2019 TBA Handout,2019-tba-handout,https://texasbandmasters.org/wp-content/uploads/2023/11/Success-for-All-Making-Band-Work-for-Every-Student-Bryn-Roberts.pdf,https://texasbandmasters.org/document-library/
8028,Success with Your Middle School Band,Pedagogy-Ensemble,pedagogy-ensemble-2,,2023 TBA Handout,2023-tba-handout,https://texasbandmasters.org/wp-content/uploads/2023/10/2023_begin.pdf,https://texasbandmasters.org/document-library/
8456,Success Without Self-Sacrifice: Balancing Work & Home,Health/Wellness,health-wellness,,2018 TBA Handout,2018-tba-handout,https://texasbandmasters.org/wp-content/uploads/2023/11/Success-Without-Self-Sacrifice-Balancing-Work-Home-Williams-Yee-Ortega.pdf,https://texasbandmasters.org/document-library/
9851,Successful Classroom Management,Program Management,program-management,,2006 TBA Handout,2006-tba-handout,https://texasbandmasters.org/wp-content/uploads/2023/11/2006-dierolf1.pdf,https://texasbandmasters.org/document-library/
9774,Successful Classroom Management Revisited,Program Management,program-management,,2007 TBA Handout,2007-tba-handout,https://texasbandmasters.org/wp-content/uploads/2023/11/2007-dierolf1.pdf,https://texasbandmasters.org/document-library/
10666,Successful Strategies and Techniques for the Military Marching Band,Marching Band,marching-band,,2024 TBA Handout,2024-tba-handout,https://texasbandmasters.org/wp-content/uploads/2024/08/Successful-Strategies-and-Techniques-for-the-Military-Marching-Band.pdf,https://texasbandmasters.org/document-library/
9975,Successfully Placing Beginning Band Students On Instruments,Beginner Band,beginner-band,,2005 TBA Handout,2005-tba-handout,https://texasbandmasters.org/wp-content/uploads/2023/11/2005-benzer1.pdf,https://texasbandmasters.org/document-library/
9886,Summer Band: Sunrise on the Practice Field,Marching Band,marching-band,,2005 BMR June,2005-bmr-june,https://texasbandmasters.org/wp-content/uploads/2023/11/2005-06-dierolf1.pdf,https://texasbandmasters.org/document-library/
7822,Supporting Student Mental Health,Health/Wellness,health-wellness,,2021 TBA Handout,2021-tba-handout,https://texasbandmasters.org/wp-content/uploads/2023/11/2021_Crochet.pdf,https://texasbandmasters.org/document-library/
8896,Survival or Thrival What are we preparing students for – band or life?,General,general,,2015 BMR December,2015-bmr-december,https://texasbandmasters.org/wp-content/uploads/2023/11/2015-12-fisher.pdf,https://texasbandmasters.org/document-library/
8847,Survival or Thrival-Are We Preparing Students for Success in Band or Just for Contest?,General,general,,2015 TBA Handout,2015-tba-handout,https://texasbandmasters.org/wp-content/uploads/2023/11/2015_fisher.pdf,https://texasbandmasters.org/document-library/
7935,Surviving and Thriving in the New Reality of Music Education,Health/Wellness,health-wellness,,2020 TBA Handout,2020-tba-handout,https://texasbandmasters.org/wp-content/uploads/2023/11/2020_clark.pdf,https://texasbandmasters.org/document-library/
8849,Surviving Your First Few Years of Teaching,General,general,,2015 TBA Handout,2015-tba-handout,https://texasbandmasters.org/wp-content/uploads/2023/11/2015_guidry.pdf,https://texasbandmasters.org/document-library/
8060,Sustainable Methods for Clearer Style,Pedagogy-Ensemble,pedagogy-ensemble-2,,2023 BMR January,2023-bmr-january,https://texasbandmasters.org/wp-content/uploads/2023/10/2023_1_hunter.pdf,https://texasbandmasters.org/document-library/
8029,Swipe Right! How to Nurture a Long Term Relationship with Your Job,Health/Wellness,health-wellness,,2023 TBA Handout,2023-tba-handout,https://texasbandmasters.org/wp-content/uploads/2023/10/2023_fehr.pdf,https://texasbandmasters.org/document-library/
8613,T-N-T = Tips and Techniques for Middle School Trumpet Students and Teachers,Pedagogy-Brass,pedagogy-brass-2,,2017 TBA Handout,2017-tba-handout,https://texasbandmasters.org/wp-content/uploads/2023/11/Maus-Jed-Moore-Tommy-Robb-Jason-TNT-Tips-and-Techniques-for-MS-Trumpet-Students-and-Teachers-REVISED.pdf,https://texasbandmasters.org/document-library/
8692,T-TESS: Showcasing What We Do As Music Educators,General,general,,2016 BMR September,2016-bmr-september,https://texasbandmasters.org/wp-content/uploads/2023/11/2016-09-ruiz-mills.pdf,https://texasbandmasters.org/document-library/
8682,T-TESS: Showcasing What We Do As Music Educators (Part 2 of a 4-part series),General,general,,2016 BMR December,2016-bmr-december,https://texasbandmasters.org/wp-content/uploads/2023/11/2016-12-ruiz-mills.pdf,https://texasbandmasters.org/document-library/
8492,T-TESS: Showcasing What We Do As Music Educators (part 3 of a 4 part series),General,general,,2017 BMR April,2017-bmr-april,https://texasbandmasters.org/wp-content/uploads/2023/11/2017-04-ruiz-mills.pdf,https://texasbandmasters.org/document-library/
8512,T-TESS: Showcasing What We Do As Music Educators (Part 4 of a 4-part series),General,general,,2017 BMR June,2017-bmr-june,https://texasbandmasters.org/wp-content/uploads/2023/11/2017-06-ruiz-mills.pdf,https://texasbandmasters.org/document-library/
8030,Tackling the Cor Issues of Beginner Horn,Beginner Band-Brass,beginner-band-brass-2,,2023 TBA Handout,2023-tba-handout,https://texasbandmasters.org/wp-content/uploads/2023/10/2023_andrade.pdf,https://texasbandmasters.org/document-library/
11764,Taking the Right Steps in the Beginning,Beginner Band,beginner-band,"Jennifer Wren , Meredith Bishop",2025 TBA Handout,2025-tba-handout,https://texasbandmasters.org/wp-content/uploads/2026/01/Taking-the-Right-Steps-in-the-Beginning-Clinicians-Meredith-Bishop-Jennifer-Wren.pdf,https://texasbandmasters.org/document-library/
8376,Talk Less and Teach More,Pedagogy,pedagogy,,2018 BMR September,2018-bmr-september,https://texasbandmasters.org/wp-content/uploads/2023/11/2018-09-menghini.pdf,https://texasbandmasters.org/document-library/
8760,Taming The Beast: The Middle School Non-Varsity Band,General,general,,2016 TBA Handout,2016-tba-handout,https://texasbandmasters.org/wp-content/uploads/2023/11/DeSoto-Meredith-Taming-the-Beast-The-Middle-School-Non-Varsity-Band.pdf,https://texasbandmasters.org/document-library/
9790,TBA and Small Schools,Small School,small-school,,2006 BMR December,2006-bmr-december,https://texasbandmasters.org/wp-content/uploads/2023/11/2006-12-jones1.pdf,https://texasbandmasters.org/document-library/
11753,TBA CONVENTION/CLINIC (You Can’t Aford to Miss It!),General,general,Dr. Tim Lautzenheiser,2025 BMR April,2025-bmr-april,https://texasbandmasters.org/wp-content/uploads/2026/01/2025_4_Lautzenheiser.pdf,https://texasbandmasters.org/document-library/
11887,TBA Directors Band,General,general,TBA Directors Band,2025 BMR September,2025-bmr-september,https://texasbandmasters.org/wp-content/uploads/2026/01/2025_9_DirectorsBand.pdf,https://texasbandmasters.org/document-library/
11932,TBA Instrument Repair Seminar,General,general,Ed Fleming,2003 TBA Handout,2003-tba-handout,https://texasbandmasters.org/wp-content/uploads/2026/01/2003-fleming1.pdf,https://texasbandmasters.org/document-library/
8378,"TBA-YBDT Partnership, An Immediate Success",General,general,,2018 BMR September,2018-bmr-september,https://texasbandmasters.org/wp-content/uploads/2023/11/2018-09-fehr.pdf,https://texasbandmasters.org/document-library/
8114,Teach Like Ted (Lasso),Motivation/Inspiration,motivation-inspiration,,2022 TBA Handout,2022-tba-handout,https://texasbandmasters.org/wp-content/uploads/2023/10/2022_dodd.pdf,https://texasbandmasters.org/document-library/
8851,Teach Like Your Hair’s on Fire: Strategies for Successful Performance Groups Without Beginners Every Day,Beginner Band,beginner-band,,2015 TBA Handout,2015-tba-handout,https://texasbandmasters.org/wp-content/uploads/2023/11/2015_puckett.pdf,https://texasbandmasters.org/document-library/
8115,Teacher Retirement System 101,Health/Wellness,health-wellness,,2022 TBA Handout,2022-tba-handout,https://texasbandmasters.org/wp-content/uploads/2023/10/2022_munsell.pdf,https://texasbandmasters.org/document-library/
8500,"Teachers, Are You Helping or Hurting?",General,general,,2017 BMR December,2017-bmr-december,https://texasbandmasters.org/wp-content/uploads/2023/11/2017-12-mclerran.pdf,https://texasbandmasters.org/document-library/
7975,Teaching – With Liberty and Justice for All,General,general,,2020 BMR September,2020-bmr-september,https://texasbandmasters.org/wp-content/uploads/2023/11/2020_09_haynes.pdf,https://texasbandmasters.org/document-library/
8674,Teaching an Old Art Form in a Modern Age,General,general,,2016 BMR April,2016-bmr-april,https://texasbandmasters.org/wp-content/uploads/2023/11/2016-04-dierolf.pdf,https://texasbandmasters.org/document-library/
9192,Teaching Artistry in An Age of Technique,Conducting/Literature/Artistry,conducting-literature-artistry,,2013 TBA Handout,2013-tba-handout,https://texasbandmasters.org/wp-content/uploads/2023/11/2013_hilliard.pdf,https://texasbandmasters.org/document-library/
9052,Teaching Beginner Flutes,Beginner Band-Woodwind,beginner-band-woodwind-2,,2014 TBA Handout,2014-tba-handout,https://texasbandmasters.org/wp-content/uploads/2023/11/2014_blackburn.pdf,https://texasbandmasters.org/document-library/
9054,Teaching Beginner French Horns,Beginner Band-Brass,beginner-band-brass-2,,2014 TBA Handout,2014-tba-handout,https://texasbandmasters.org/wp-content/uploads/2023/11/2014_brandon.pdf,https://texasbandmasters.org/document-library/
8981,Teaching Beginner Trumpet Students,Beginner Band-Brass,beginner-band-brass-2,,2014 BMR September,2014-bmr-september,https://texasbandmasters.org/wp-content/uploads/2023/11/2014-09-wurtz.pdf,https://texasbandmasters.org/document-library/
9056,Teaching Beginner Trumpets,Beginner Band-Brass,beginner-band-brass-2,,2014 TBA Handout,2014-tba-handout,https://texasbandmasters.org/wp-content/uploads/2023/11/2014_wurtz.pdf,https://texasbandmasters.org/document-library/
8853,Teaching Beginning Bassoons,Beginner Band-Woodwind,beginner-band-woodwind-2,,2015 TBA Handout,2015-tba-handout,https://texasbandmasters.org/wp-content/uploads/2023/11/2015_auerbach.pdf,https://texasbandmasters.org/document-library/
8855,Teaching Beginning Oboes,Beginner Band-Woodwind,beginner-band-woodwind-2,,2015 TBA Handout,2015-tba-handout,https://texasbandmasters.org/wp-content/uploads/2023/11/2015_bohls_2.pdf,https://texasbandmasters.org/document-library/
8857,Teaching Beginning Percussion The Road to Success is Always Under Construction,Beginner Band-Percussion,beginner-band-percussion-2,,2015 TBA Handout,2015-tba-handout,https://texasbandmasters.org/wp-content/uploads/2023/11/2015_teal_combined.pdf,https://texasbandmasters.org/document-library/
8597,Teaching Beginning Percussion: The Road to Success is Always under Construction,Beginner Band-Percussion,beginner-band-percussion-2,,2017 TBA Handout,2017-tba-handout,https://texasbandmasters.org/wp-content/uploads/2023/11/2017-tanner_teal_combined.pdf,https://texasbandmasters.org/document-library/
8116,Teaching Correct Performance Style on a Concert March,Pedagogy-Ensemble,pedagogy-ensemble-2,,2022 TBA Handout,2022-tba-handout,https://texasbandmasters.org/wp-content/uploads/2023/10/2022_rhea.pdf,https://texasbandmasters.org/document-library/
9977,Teaching Excellence in Beginning Band,Beginner Band,beginner-band,,2005 TBA Handout,2005-tba-handout,https://texasbandmasters.org/wp-content/uploads/2023/11/2005-bulloch.pdf,https://texasbandmasters.org/document-library/
9058,Teaching Improv With Your High School Jazz Band,Jazz,jazz,,2014 TBA Handout,2014-tba-handout,https://texasbandmasters.org/wp-content/uploads/2023/11/2014_mcwright.pdf,https://texasbandmasters.org/document-library/
8898,Teaching Improvisation,Jazz,jazz,,2015 BMR December,2015-bmr-december,https://texasbandmasters.org/wp-content/uploads/2023/11/2015-12-snidero.pdf,https://texasbandmasters.org/document-library/
12124,Teaching Jazz Improvisation Using The Essential Elements Of Music Education,Jazz,jazz,Wallace Dierolf,2004 TBA Handout,2004-tba-handout,https://texasbandmasters.org/wp-content/uploads/2023/11/2004-dierolf.pdf,https://texasbandmasters.org/document-library/
8354,Teaching Mallet Instruments: Let’s Start Differently!,Pedagogy-Percussion,pedagogy-percussion-2,,2018 BMR December,2018-bmr-december,https://texasbandmasters.org/wp-content/uploads/2023/11/2018-12-liu.pdf,https://texasbandmasters.org/document-library/
7937,Teaching Middle School Band in a Low-Income Setting: The Toughest Job You Will Ever Love,Title I,title-i,,2020 TBA Handout,2020-tba-handout,https://texasbandmasters.org/wp-content/uploads/2023/11/2020_cumberledge.pdf,https://texasbandmasters.org/document-library/
9230,Teaching Musicianship in Band: Finding Music Among the Notes,Conducting/Literature/Artistry,conducting-literature-artistry,,2012 BMR December,2012-bmr-december,https://texasbandmasters.org/wp-content/uploads/2023/11/2012-12-allen.pdf,https://texasbandmasters.org/document-library/
9060,Teaching New Dogs Old Tricks,General,general,,2014 TBA Handout,2014-tba-handout,https://texasbandmasters.org/wp-content/uploads/2023/11/Clark-Teaching-New-Dogs-Old-Tricks.pdf,https://texasbandmasters.org/document-library/
9421,Teaching New Dogs Old Tricks,General,general,,2011 TBA Handout,2011-tba-handout,https://texasbandmasters.org/wp-content/uploads/2023/11/2011_clark.pdf,https://texasbandmasters.org/document-library/
8690,Teaching Rhythm Logically from Day One,Pedagogy,pedagogy,,2016 BMR September,2016-bmr-september,https://texasbandmasters.org/wp-content/uploads/2023/11/2016-09-williams.pdf,https://texasbandmasters.org/document-library/
9194,Teaching Small Ensemble Concepts through the Prescribed Music List,Pedagogy-Ensemble,pedagogy-ensemble-2,,2013 TBA Handout,2013-tba-handout,https://texasbandmasters.org/wp-content/uploads/2023/11/2013_diaz_mccain_morales_stuppard.pdf,https://texasbandmasters.org/document-library/
9603,Teaching Techniques for Young Teachers,Pedagogy,pedagogy,,2009 TBA Handout,2009-tba-handout,https://texasbandmasters.org/wp-content/uploads/2023/11/2009-hopkins.pdf,https://texasbandmasters.org/document-library/
7849,Teaching the Art of Active and Engaged Listening,Pedagogy,pedagogy,,2021 BMR April,2021-bmr-april,https://texasbandmasters.org/wp-content/uploads/2023/11/2021_4_genevro.pdf,https://texasbandmasters.org/document-library/
12079,Teaching the Beginning Mallet Player,Beginner Band-Percussion,beginner-band-percussion-2,Mark Wessels,2004 BMR June,2004-bmr-june,https://texasbandmasters.org/wp-content/uploads/2023/11/2004-06-wessels1.pdf,https://texasbandmasters.org/document-library/
8117,Teaching the Middle School Non-Varsity Bands: Building Better Bands from the Bottom Up,Program Management,program-management,,2022 TBA Handout,2022-tba-handout,https://texasbandmasters.org/wp-content/uploads/2023/10/2022_czerwieski.pdf,https://texasbandmasters.org/document-library/
9062,Teaching With Technology,Technology,technology,,2014 TBA Handout,2014-tba-handout,https://texasbandmasters.org/wp-content/uploads/2023/11/2014_mlynczak.pdf,https://texasbandmasters.org/document-library/
9312,Teaching Your Band to be Musical – Finding Music Among the Notes,Conducting/Literature/Artistry,conducting-literature-artistry,,2012 TBA Handout,2012-tba-handout,https://texasbandmasters.org/wp-content/uploads/2023/11/2012_allen.pdf,https://texasbandmasters.org/document-library/
9542,Teaching Your Band to Sightread,Pedagogy,pedagogy,,2009 BMR December,2009-bmr-december,https://texasbandmasters.org/wp-content/uploads/2023/11/2009-12-lambrecht.pdf,https://texasbandmasters.org/document-library/
12123,Teaching Your Band To Sightread,Pedagogy-Ensemble,pedagogy-ensemble-2,Barbara Lambrecht,2004 TBA Handout,2004-tba-handout,https://texasbandmasters.org/wp-content/uploads/2023/11/2004-lambrecht2.pdf,https://texasbandmasters.org/document-library/
8762,Techniques and Foundations for a Successful Mariachi: 2016 TAME State Champions,Mariachi,mariachi,,2016 TBA Handout,2016-tba-handout,https://texasbandmasters.org/wp-content/uploads/2023/11/Rodriguez-Renteria-Techinques-for-Successful-Mariachi.pdf,https://texasbandmasters.org/document-library/
9979,Techniques for the Intermediate Tuba Player,Pedagogy-Brass,pedagogy-brass-2,,2005 TBA Handout,2005-tba-handout,https://texasbandmasters.org/wp-content/uploads/2023/11/2005-canfield1.pdf,https://texasbandmasters.org/document-library/
9314,Techniques to Develop Marching Excellence,Marching Band,marching-band,,2012 TBA Handout,2012-tba-handout,https://texasbandmasters.org/wp-content/uploads/2023/11/2012_chreste_2.pdf,https://texasbandmasters.org/document-library/
9196,Technology in the Practice Room,Technology,technology,,2013 TBA Handout,2013-tba-handout,https://texasbandmasters.org/wp-content/uploads/2023/11/2013_best.pdf,https://texasbandmasters.org/document-library/
9888,Technology vs. Musicianship,Technology,technology,,2005 BMR June,2005-bmr-june,https://texasbandmasters.org/wp-content/uploads/2023/11/2005-06-novello1.pdf,https://texasbandmasters.org/document-library/
8356,Ten Guidelines for First Year Ensemble Directors,General,general,,2018 BMR December,2018-bmr-december,https://texasbandmasters.org/wp-content/uploads/2023/11/2018-12-meyer.pdf,https://texasbandmasters.org/document-library/
9423,Ten Quickly Fixable Problems Heard at UIL Contest Over and Over,Pedagogy-Ensemble,pedagogy-ensemble-2,,2011 TBA Handout,2011-tba-handout,https://texasbandmasters.org/wp-content/uploads/2023/11/2011_yancey.pdf,https://texasbandmasters.org/document-library/
9687,Texas Band Enrollment Study,General,general,,2008 TBA Handout,2008-tba-handout,https://texasbandmasters.org/wp-content/uploads/2023/11/2008-jolly1.pdf,https://texasbandmasters.org/document-library/
8258,Thank You for All the 2s,Motivation/Inspiration,motivation-inspiration,,2019 BMR April,2019-bmr-april,https://texasbandmasters.org/wp-content/uploads/2023/11/2019_04_vogtwilliams.pdf,https://texasbandmasters.org/document-library/
8764,"The “Nuts and Bolts” of Teaching Band, Part 1: Woodwind Beginners",Beginner Band-Woodwind,beginner-band-woodwind-2,,2016 TBA Handout,2016-tba-handout,https://texasbandmasters.org/wp-content/uploads/2023/11/Jackson-McCutcheon-Weak-Nuts-and-Bolts-Woodwind-Beginners.pdf,https://texasbandmasters.org/document-library/
8766,"The “Nuts and Bolts” of Teaching Band, Part 2: Brass Beginners",Beginner Band-Brass,beginner-band-brass-2,,2016 TBA Handout,2016-tba-handout,https://texasbandmasters.org/wp-content/uploads/2023/11/Jackson-Patterson-Pineda-Nuts-and-Bolts-2-Brass-Beginners.pdf,https://texasbandmasters.org/document-library/
8768,"The “Nuts and Bolts” of Teaching Band, Part 3: After Beginners, What’s Next?",Pedagogy,pedagogy,,2016 TBA Handout,2016-tba-handout,https://texasbandmasters.org/wp-content/uploads/2023/11/Jackson-Wine-Nuts-and-Bolts-3-After-Beginners-What-s-Next.pdf,https://texasbandmasters.org/document-library/
8770,"The “Nuts and Bolts” of Teaching Band, Part 4: Are Your Eighth Graders Ready for High School Band?",Pedagogy,pedagogy,,2016 TBA Handout,2016-tba-handout,https://texasbandmasters.org/wp-content/uploads/2023/11/Brumley-Merrill-Williams-Are-Your-8th-Graders-Ready-for-High-School-Band.pdf,https://texasbandmasters.org/document-library/
10381,"The “Why” of What We Do, and Its Effect on the “How”",Motivation/Inspiration,motivation-inspiration,,2024 BMR April,2024-bmr-april,https://texasbandmasters.org/wp-content/uploads/2024/04/2024_4_BrandonClearwaterHarrington.pdf,https://texasbandmasters.org/document-library/
11889,The 100 Day Challenge To Activate Synergy in Your Booster Club,Program Management,program-management,David Vandewalker,2025 BMR September,2025-bmr-september,https://texasbandmasters.org/wp-content/uploads/2026/01/2025_9_Vandewalker.pdf,https://texasbandmasters.org/document-library/
7939,The 1st 6 Weeks – Strategies For The High School Band,Pedagogy-Ensemble,pedagogy-ensemble-2,,2020 TBA Handout,2020-tba-handout,https://texasbandmasters.org/wp-content/uploads/2023/11/2020_dominguez.pdf,https://texasbandmasters.org/document-library/
9531,The 21st Century Booster Club,Boosters,boosters,,2010 TBA Handout,2010-tba-handout,https://texasbandmasters.org/wp-content/uploads/2023/11/2010-vandewalker.pdf,https://texasbandmasters.org/document-library/
9544,The 21st Century Booster Club: Caution: You Have Entered the Danger Zone,Boosters,boosters,,2009 BMR December,2009-bmr-december,https://texasbandmasters.org/wp-content/uploads/2023/11/2009-12-vandewalker.pdf,https://texasbandmasters.org/document-library/
9574,The 21st Century Booster Club: Creating a Delegation of Delegation With Volunteers,Boosters,boosters,,2009 BMR September,2009-bmr-september,https://texasbandmasters.org/wp-content/uploads/2023/11/2009-09-vandewalker.pdf,https://texasbandmasters.org/document-library/
9316,"The A, B C’S Of A Healthy Band Program",Health/Wellness,health-wellness,,2012 TBA Handout,2012-tba-handout,https://texasbandmasters.org/wp-content/uploads/2023/11/2012_locke.pdf,https://texasbandmasters.org/document-library/
8599,The Advanced Clarinet Player,Pedagogy-Woodwind,pedagogy-woodwind-2,,2017 TBA Handout,2017-tba-handout,https://texasbandmasters.org/wp-content/uploads/2023/11/Payne-Tye-Ann-The-Advanced-Clarinet-Player.pdf,https://texasbandmasters.org/document-library/
8601,The Advanced Trombone Player,Pedagogy-Brass,pedagogy-brass-2,,2017 TBA Handout,2017-tba-handout,https://texasbandmasters.org/wp-content/uploads/2023/11/Scott-Deb-The-Advanced-Trombone-Player.pdf,https://texasbandmasters.org/document-library/
8772,The American March,Conducting/Literature/Artistry,conducting-literature-artistry,,2016 TBA Handout,2016-tba-handout,https://texasbandmasters.org/wp-content/uploads/2023/11/Graham-The-American-March.pdf,https://texasbandmasters.org/document-library/
8603,The American March — Part One,Pedagogy-Ensemble,pedagogy-ensemble-2,,2017 TBA Handout,2017-tba-handout,https://texasbandmasters.org/wp-content/uploads/2023/11/Graham-Lowell-The-American-March-Part-One.pdf,https://texasbandmasters.org/document-library/
8605,The American March — Part Two,Pedagogy-Ensemble,pedagogy-ensemble-2,,2017 TBA Handout,2017-tba-handout,https://texasbandmasters.org/wp-content/uploads/2023/11/Graham-Lowell-The-American-March-Part-2.pdf,https://texasbandmasters.org/document-library/
11740,The Answer Lies Within,Motivation/Inspiration,motivation-inspiration,Dr. Tim Lautzenheiser,2025 BMR January,2025-bmr-january,https://texasbandmasters.org/wp-content/uploads/2026/01/2025_1_Lautzenheiser.pdf,https://texasbandmasters.org/document-library/
10668,The Art IN Sight Reading,Pedagogy-Ensemble,pedagogy-ensemble-2,,2024 TBA Handout,2024-tba-handout,https://texasbandmasters.org/wp-content/uploads/2024/08/The-Art-IN-Sight-Reading.pdf,https://texasbandmasters.org/document-library/
9622,The Art of Performing the Spanish Paso Doble,Conducting/Literature/Artistry,conducting-literature-artistry,,2008 BMR June,2008-bmr-june,https://texasbandmasters.org/wp-content/uploads/2023/11/2008-06-ramirez1.pdf,https://texasbandmasters.org/document-library/
8051,The Art of Persistence,Motivation/Inspiration,motivation-inspiration,,2023 BMR September,2023-bmr-september,https://texasbandmasters.org/wp-content/uploads/2023/10/2023_9_rios.pdf,https://texasbandmasters.org/document-library/
9604,The Art of Selecting a Successful Contest Program,Conducting/Literature/Artistry,conducting-literature-artistry,,2009 TBA Handout,2009-tba-handout,https://texasbandmasters.org/wp-content/uploads/2023/11/2009-countryman.pdf,https://texasbandmasters.org/document-library/
9446,The Art of Selecting a Successful Contest Program,Conducting/Literature/Artistry,conducting-literature-artistry,,2010 BMR December,2010-bmr-december,https://texasbandmasters.org/wp-content/uploads/2023/11/2010-12-countryman.pdf,https://texasbandmasters.org/document-library/
7824,The Art of the Transcription,Conducting/Literature/Artistry,conducting-literature-artistry,,2021 TBA Handout,2021-tba-handout,https://texasbandmasters.org/wp-content/uploads/2023/11/2021_Graham.pdf,https://texasbandmasters.org/document-library/
11918,The Artistic Importance of Cooperation in a Competitive World,Program Management,program-management,Dr. Tim Lautzenheiser,2026 BMR January,2026-bmr-january,https://texasbandmasters.org/wp-content/uploads/2026/01/2026_1_Lautzenheiser.pdf,https://texasbandmasters.org/document-library/
9119,The Artistic Importance of Cooperation in a Competitive World,Motivation/Inspiration,motivation-inspiration,,2013 BMR September,2013-bmr-september,https://texasbandmasters.org/wp-content/uploads/2023/11/2013-09-lautzenheiser.pdf,https://texasbandmasters.org/document-library/
7941,"The Assistant: Help, Learn, Support",General,general,,2020 TBA Handout,2020-tba-handout,https://texasbandmasters.org/wp-content/uploads/2023/11/2020_parks.pdf,https://texasbandmasters.org/document-library/
9981,The Band Booster Club: Following the Money Trail,Boosters,boosters,,2005 TBA Handout,2005-tba-handout,https://texasbandmasters.org/wp-content/uploads/2023/11/2005-dierolf2.pdf,https://texasbandmasters.org/document-library/
9983,The Band Booster Club: The Organizational Elements Necessary for Success,Boosters,boosters,,2005 TBA Handout,2005-tba-handout,https://texasbandmasters.org/wp-content/uploads/2023/11/2005-dierolf1.pdf,https://texasbandmasters.org/document-library/
9546,The Band Director as a Leader A Six-step Teaching Style Template for Success,Motivation/Inspiration,motivation-inspiration,,2009 BMR December,2009-bmr-december,https://texasbandmasters.org/wp-content/uploads/2023/11/2009-12-lautzenheiser.pdf,https://texasbandmasters.org/document-library/
11891,The Band Director as a Leader: The Leader as a Band Director,Motivation/Inspiration,motivation-inspiration,Dr. Tim Lautzenheiser,2025 BMR September,2025-bmr-september,https://texasbandmasters.org/wp-content/uploads/2026/01/2025_9_Lautzenheiser.pdf,https://texasbandmasters.org/document-library/
8052,THE BAND DIRECTOR: ONE PERSON MAKES A DIFFERENCE!,Motivation/Inspiration,motivation-inspiration,,2023 BMR September,2023-bmr-september,https://texasbandmasters.org/wp-content/uploads/2023/10/2023_9_lautzenheiser.pdf,https://texasbandmasters.org/document-library/
9425,The Band Director?s Guide to Fall Marching Percussion,Marching Percussion,marching-percussion-2,,2011 TBA Handout,2011-tba-handout,https://texasbandmasters.org/wp-content/uploads/2023/11/2011_dempsey.pdf,https://texasbandmasters.org/document-library/
8031,The Band’s ALL Here: Successful Strategies for Teaching Heterogeneous Beginner Classes,Beginner Band,beginner-band,,2023 TBA Handout,2023-tba-handout,https://texasbandmasters.org/wp-content/uploads/2023/10/2023_jackson.pdf,https://texasbandmasters.org/document-library/
8032,The Bassooner the Better: Building Your Toolbox to Build Budding Bassoonists,Beginner Band-Woodwind,beginner-band-woodwind-2,,2023 TBA Handout,2023-tba-handout,https://texasbandmasters.org/wp-content/uploads/2023/10/2023_crowley.pdf,https://texasbandmasters.org/document-library/
9427,The Beginning Band Process: Getting the Right Kids on the Right Instrument,Beginner Band,beginner-band,,2011 TBA Handout,2011-tba-handout,https://texasbandmasters.org/wp-content/uploads/2023/11/2011_cannon.pdf,https://texasbandmasters.org/document-library/
8510,The Beginnings of TBA,Band History,band-history,,2017 BMR June,2017-bmr-june,https://texasbandmasters.org/wp-content/uploads/2023/11/2017-07-sturchio.pdf,https://texasbandmasters.org/document-library/
11860,The British Are Coming – Again!!,Conducting/Literature/Artistry,conducting-literature-artistry,Dr. Jack Stamp,2025 TBA Handout,2025-tba-handout,https://texasbandmasters.org/wp-content/uploads/2026/01/The-British-Are-Coming-Again-Clinician-Dr.-Jack-Stamp.pdf,https://texasbandmasters.org/document-library/
7826,The Care and Feeding of Sub Non-Varsity Bands,Program Management,program-management,,2021 TBA Handout,2021-tba-handout,https://texasbandmasters.org/wp-content/uploads/2023/11/2021_MeyerPatterson.pdf,https://texasbandmasters.org/document-library/
9704,The Clarient Embouchure,Pedagogy-Woodwind,pedagogy-woodwind-2,,2007 BMR September,2007-bmr-september,https://texasbandmasters.org/wp-content/uploads/2023/11/2007-09-kruth1.pdf,https://texasbandmasters.org/document-library/
8906,The Clinic Tradition – An Opportunity for Sharing,General,general,,2015 BMR June,2015-bmr-june,https://texasbandmasters.org/wp-content/uploads/2023/11/2015_june_keene.pdf,https://texasbandmasters.org/document-library/
8231,"The Complete Beginning Trumpet Classroom: Pedagogy, Management and Curriculum",Beginner Band-Brass,beginner-band-brass-2,,2019 TBA Handout,2019-tba-handout,https://texasbandmasters.org/wp-content/uploads/2023/11/The-Complete-Beginning-Trumpet-Classroom-Lynne-Jackson-Chris-Pineda.pdf,https://texasbandmasters.org/document-library/
8458,The Complete Marching Season – Part 1: The Spring Semester – Planning to Succeed,Marching Band,marching-band,,2018 TBA Handout,2018-tba-handout,https://texasbandmasters.org/wp-content/uploads/2023/11/The-Complete-Marching-Season-Part-1-The-Spring-Semester-Chreste-Spicer.pdf,https://texasbandmasters.org/document-library/
8460,The Complete Marching Season – Part 2: Summer Band – Systems and Processes are the Key!,Marching Band,marching-band,,2018 TBA Handout,2018-tba-handout,https://texasbandmasters.org/wp-content/uploads/2023/11/The-Complete-Marching-Season-Part-2-Summer-Band-Selaiden.pdf,https://texasbandmasters.org/document-library/
8462,The Complete Marching Season – Part 3: The Fall Semester: ALL Things Matter,Marching Band,marching-band,,2018 TBA Handout,2018-tba-handout,https://texasbandmasters.org/wp-content/uploads/2023/11/The-Complete-Marching-Season-Part-3-The-Fall-Semester-Howard.pdf,https://texasbandmasters.org/document-library/
8464,The Complete Marching Season – Part 4: The Cleaning Process: Excellence is in the Details,Marching Band,marching-band,,2018 TBA Handout,2018-tba-handout,https://texasbandmasters.org/wp-content/uploads/2023/11/The-Complete-Marching-Season-Part-4-The-Cleaning-Process-Chreste.pdf,https://texasbandmasters.org/document-library/
8466,The Complete Marching Season – Part 5: Student Leadership: “If a Student Can They Should…”,Marching Band,marching-band,,2018 TBA Handout,2018-tba-handout,https://texasbandmasters.org/wp-content/uploads/2023/11/The-Complete-Marching-Season-Part-5-Student-Leadership-Spicer.pdf,https://texasbandmasters.org/document-library/
9235,The Coordinate System,Marching Band,marching-band,,2012 BMR June,2012-bmr-june,https://texasbandmasters.org/wp-content/uploads/2023/11/2012-06-rogers.pdf,https://texasbandmasters.org/document-library/
9566,The Cornerstones of Successful Recruitment and Retention,Recruiting/Retention,recruiting-retention,,2009 BMR March,2009-bmr-march,https://texasbandmasters.org/wp-content/uploads/2023/11/2009-03-lautzenheiser.pdf,https://texasbandmasters.org/document-library/
11862,The Crescendo of Success Starts Here: Strategies for a Stellar First-Year Experience in Band,Motivation/Inspiration,motivation-inspiration,"Jennifer Bergeron , Stone Wang , Zachary Glaser",2025 TBA Handout,2025-tba-handout,https://texasbandmasters.org/wp-content/uploads/2026/01/The-Crescendo-of-Success-Starts-Here-Strategies-for-a-Stellar-First-Year-Clinicians-Jennifer-Bergeron-Zachary-Glaser-Stone-Wang.pdf,https://texasbandmasters.org/document-library/
9237,The Crucial Role the Teacher Plays in the Development of a Program of Excellence,Motivation/Inspiration,motivation-inspiration,,2012 BMR June,2012-bmr-june,https://texasbandmasters.org/wp-content/uploads/2023/11/2012-06-lautzenheiser.pdf,https://texasbandmasters.org/document-library/
9429,The Day the Dots Died: 100 Sets vs. Successful Production Values,Marching Band,marching-band,,2011 TBA Handout,2011-tba-handout,https://texasbandmasters.org/wp-content/uploads/2023/11/2011_czapinski.pdf,https://texasbandmasters.org/document-library/
8128,The Discipline of Self-Discipline Oversleeping will never make dreams come true,Motivation/Inspiration,motivation-inspiration,,2022 BMR September,2022-bmr-september,https://texasbandmasters.org/wp-content/uploads/2023/10/2022_9_lautzenheiser.pdf,https://texasbandmasters.org/document-library/
8118,The Final Act: Policing Student Social Media,General,general,,2022 TBA Handout,2022-tba-handout,https://texasbandmasters.org/wp-content/uploads/2023/10/2022_wardell.pdf,https://texasbandmasters.org/document-library/
9890,The Final Stop on the Music Advocacy Journey,Motivation/Inspiration,motivation-inspiration,,2005 BMR June,2005-bmr-june,https://texasbandmasters.org/wp-content/uploads/2023/11/2005-06-lautzenheiser1.pdf,https://texasbandmasters.org/document-library/
8119,The First 48 – Band Edition,Beginner Band,beginner-band,,2022 TBA Handout,2022-tba-handout,https://texasbandmasters.org/wp-content/uploads/2023/10/2022_cumberledge.pdf,https://texasbandmasters.org/document-library/
9318,The First Lesson: Teaching the Beginner Trombone Student,Beginner Band-Brass,beginner-band-brass-2,,2012 TBA Handout,2012-tba-handout,https://texasbandmasters.org/wp-content/uploads/2023/11/2012_bohls_2.pdf,https://texasbandmasters.org/document-library/
8233,The First Years of Teaching – Making the Most!,General,general,,2019 TBA Handout,2019-tba-handout,https://texasbandmasters.org/wp-content/uploads/2023/11/The-First-Years-of-Teaching-Anthony-Rivera-Jordan-Freeman.pdf,https://texasbandmasters.org/document-library/
12122,The Five Periods of TBA History,Band History,band-history,Dr. Steve Shoop,2004 TBA Handout,2004-tba-handout,https://texasbandmasters.org/wp-content/uploads/2023/11/2004-shoop.pdf,https://texasbandmasters.org/document-library/
11778,The Flute Whisperers,Beginner Band-Woodwind,beginner-band-woodwind-2,"Amy Allison-Rivera , Fred J Allen",2025 TBA Handout,2025-tba-handout,https://texasbandmasters.org/wp-content/uploads/2026/01/The-Flute-Whisperers-Clinicians-Amy-Allison-Rivera-Fred-J-Allen.pdf,https://texasbandmasters.org/document-library/
9198,The Frenzied Instrumental Conductor’s Guide to Score Preparation,Conducting/Literature/Artistry,conducting-literature-artistry,,2013 TBA Handout,2013-tba-handout,https://texasbandmasters.org/wp-content/uploads/2023/11/2013_stith.pdf,https://texasbandmasters.org/document-library/
8358,The Gift of Service,Motivation/Inspiration,motivation-inspiration,,2018 BMR December,2018-bmr-december,https://texasbandmasters.org/wp-content/uploads/2023/11/2018-12-allen.pdf,https://texasbandmasters.org/document-library/
12121,"The Good, the Bad and the Ugly! What the Judges are Looking For and Hearing",General,general,Randy Vaughn,2004 TBA Handout,2004-tba-handout,https://texasbandmasters.org/wp-content/uploads/2023/11/2004-vaughn.pdf,https://texasbandmasters.org/document-library/
8468,"The Good, the Bad, and the Ugly of 38 years in the Band Business",General,general,,2018 TBA Handout,2018-tba-handout,https://texasbandmasters.org/wp-content/uploads/2023/11/The-Good-the-Bad-and-the-Ugly-of-38-years-in-the-Band-Business-Watson.pdf,https://texasbandmasters.org/document-library/
8235,The Great Divide: Making the Percussionists’ Middle School Years Count,Pedagogy-Percussion,pedagogy-percussion-2,,2019 TBA Handout,2019-tba-handout,https://texasbandmasters.org/wp-content/uploads/2023/11/The-Great-Divide-Making-the-Percussionists-MS-Years-Count-Ralph-Hicks-Eric-Rath.pdf,https://texasbandmasters.org/document-library/
8490,"The Hard-Cold, Truthful Facts About Student Leadership",Motivation/Inspiration,motivation-inspiration,,2017 BMR April,2017-bmr-april,https://texasbandmasters.org/wp-content/uploads/2023/11/2017-04-lautzenheiser.pdf,https://texasbandmasters.org/document-library/
9251,The Heart and Soul of Every Exemplary Music Educator: The Gift of Teaching Music,Motivation/Inspiration,motivation-inspiration,,2012 BMR September,2012-bmr-september,https://texasbandmasters.org/wp-content/uploads/2023/11/2012-09-lautzenheiser.pdf,https://texasbandmasters.org/document-library/
8129,The History of Pyware,Technology,technology,,2022 BMR September,2022-bmr-september,https://texasbandmasters.org/wp-content/uploads/2023/10/2022_9_kolb.pdf,https://texasbandmasters.org/document-library/
8260,The Importance of a Leader’s Attitude and Character!,Motivation/Inspiration,motivation-inspiration,,2019 BMR April,2019-bmr-april,https://texasbandmasters.org/wp-content/uploads/2023/11/2019_04_lautzenheiser.pdf,https://texasbandmasters.org/document-library/
9985,The Importance of Playing Duets,Pedagogy-Ensemble,pedagogy-ensemble-2,,2005 TBA Handout,2005-tba-handout,https://texasbandmasters.org/wp-content/uploads/2023/11/2005-irish1.pdf,https://texasbandmasters.org/document-library/
8280,The Importance of Singing in ALL Music Classes,Pedagogy,pedagogy,,2019 BMR December,2019-bmr-december,https://texasbandmasters.org/wp-content/uploads/2023/11/2019_12_mclerren.pdf,https://texasbandmasters.org/document-library/
7977,The Importance of Teaching Beginners,Beginner Band,beginner-band,,2020 BMR September,2020-bmr-september,https://texasbandmasters.org/wp-content/uploads/2023/11/2020_09_nail.pdf,https://texasbandmasters.org/document-library/
9987,The Inner Game of Sightreading,Pedagogy-Ensemble,pedagogy-ensemble-2,,2005 TBA Handout,2005-tba-handout,https://texasbandmasters.org/wp-content/uploads/2023/11/2005-davis1.pdf,https://texasbandmasters.org/document-library/
9200,"The Inside Story, The composers Perspective on His Music",Composer,composer,,2013 TBA Handout,2013-tba-handout,https://texasbandmasters.org/wp-content/uploads/2023/11/2013_sheldon.pdf,https://texasbandmasters.org/document-library/
9320,The Inside Story: A Composer’s Perspective On His Music,Composer,composer,,2012 TBA Handout,2012-tba-handout,https://texasbandmasters.org/wp-content/uploads/2023/11/2012_sheldon.pdf,https://texasbandmasters.org/document-library/
8130,The Interpretation of the Concert March,Pedagogy-Ensemble,pedagogy-ensemble-2,,2022 BMR September,2022-bmr-september,https://texasbandmasters.org/wp-content/uploads/2023/10/2022_9_rhea.pdf,https://texasbandmasters.org/document-library/
8470,The IPS: The Beginning Band Guide to Success,Beginner Band,beginner-band,,2018 TBA Handout,2018-tba-handout,https://texasbandmasters.org/wp-content/uploads/2023/11/The-IPS-The-Beginning-Band-Guide-to-Success-Hairston-Escobedo.pdf,https://texasbandmasters.org/document-library/
8145,The Journey That Matters,Motivation/Inspiration,motivation-inspiration,,2022 BMR April,2022-bmr-april,https://texasbandmasters.org/wp-content/uploads/2023/10/2022_4_yee.pdf,https://texasbandmasters.org/document-library/
9689,The Key to Being a Great Assistant Director,General,general,,2008 TBA Handout,2008-tba-handout,https://texasbandmasters.org/wp-content/uploads/2023/11/2008-kostermanhudgin1.pdf,https://texasbandmasters.org/document-library/
8900,The Keys to Program Success,Motivation/Inspiration,motivation-inspiration,,2015 BMR December,2015-bmr-december,https://texasbandmasters.org/wp-content/uploads/2023/11/2015-12-lautzenheiser.pdf,https://texasbandmasters.org/document-library/
12340,The Long Game: A Guide for a Joyful & Sustainable Career,Health/Wellness,health-wellness,Kerry Taylor,2026 BMR April,2026-bmr-april,,https://texasbandmasters.org/document-library/
8472,The Modern Musical Mystery: How Do I Style a March??,Pedagogy-Ensemble,pedagogy-ensemble-2,,2018 TBA Handout,2018-tba-handout,https://texasbandmasters.org/wp-content/uploads/2023/11/The-Modern-Musical-Mystery-How-Do-I-Style-a-March-Grant.pdf,https://texasbandmasters.org/document-library/
8920,The Most Common Mistakes Band Directors Make,Program Management,program-management,,2015 BMR September,2015-bmr-september,https://texasbandmasters.org/wp-content/uploads/2023/11/2015-09-haynes.pdf,https://texasbandmasters.org/document-library/
8859,The Most Common Mistakes Most Band Directors Make,General,general,,2015 TBA Handout,2015-tba-handout,https://texasbandmasters.org/wp-content/uploads/2023/11/2015_haynes.pdf,https://texasbandmasters.org/document-library/
8120,The Multimedia Production of Giroux’s Symphony No. VI – The Big Blue Marble,Technology,technology,,2022 TBA Handout,2022-tba-handout,https://texasbandmasters.org/wp-content/uploads/2023/10/2022_genevro.pdf,https://texasbandmasters.org/document-library/
11864,The Music of Carol Brittin Chambers,Conducting/Literature/Artistry,conducting-literature-artistry,Carol Brittin Chambers - TBA Featured Composer,2025 TBA Handout,2025-tba-handout,https://texasbandmasters.org/wp-content/uploads/2026/01/The-Music-of-Carol-Brittin-Chambers-Clinician-Carol-Brittin-Chambers-TBA-Featured-Composer.pdf,https://texasbandmasters.org/document-library/
9202,The Music of Mark Camphouse,Composer,composer,,2013 TBA Handout,2013-tba-handout,https://texasbandmasters.org/wp-content/uploads/2023/11/2013_camphouse.pdf,https://texasbandmasters.org/document-library/
8886,The Music of Success and The Success of Music,Motivation/Inspiration,motivation-inspiration,,2015 BMR April,2015-bmr-april,https://texasbandmasters.org/wp-content/uploads/2023/11/2015-04-lautzenheiser.pdf,https://texasbandmasters.org/document-library/
9989,The New Face of Music Advocacy,General,general,,2005 TBA Handout,2005-tba-handout,https://texasbandmasters.org/wp-content/uploads/2023/11/2005-hazo1.pdf,https://texasbandmasters.org/document-library/
7828,The New UIL Marching Band Adjudication Sheets,Marching Band,marching-band,,2021 TBA Handout,2021-tba-handout,https://texasbandmasters.org/wp-content/uploads/2023/11/2021_Kent.pdf,https://texasbandmasters.org/document-library/
8861,The Next Step: Ways to Maximize Your Student Teaching Experience,General,general,,2015 TBA Handout,2015-tba-handout,https://texasbandmasters.org/wp-content/uploads/2023/11/2015_richardson.pdf,https://texasbandmasters.org/document-library/
9606,The OCD Approach to Taking a Band to UIL Contest,General,general,,2009 TBA Handout,2009-tba-handout,https://texasbandmasters.org/wp-content/uploads/2023/11/2009-benzer.pdf,https://texasbandmasters.org/document-library/
9468,The OCD Approach to Taking a Band to UIL Contest,Pedagogy,pedagogy,,2010 BMR March,2010-bmr-march,https://texasbandmasters.org/wp-content/uploads/2023/11/2010-03-benzer.pdf,https://texasbandmasters.org/document-library/
12341,The One Choice We Have: Our Attitude!,Motivation/Inspiration,motivation-inspiration,Dr. Tim Lautzenheiser,2026 BMR April,2026-bmr-april,,https://texasbandmasters.org/document-library/
9064,The Parents Role in Their Musician’s Homework,Motivation/Inspiration,motivation-inspiration,,2014 TBA Handout,2014-tba-handout,https://texasbandmasters.org/wp-content/uploads/2023/11/Bradford-The-Parent-s-Role.pdf,https://texasbandmasters.org/document-library/
9800,The Path of Least Resistance,Health/Wellness,health-wellness,,2006 BMR June,2006-bmr-june,https://texasbandmasters.org/wp-content/uploads/2023/11/2006-06-workman1.pdf,https://texasbandmasters.org/document-library/
9576,The Personal Values of a Student Leader,Student Leadership,student-leadership,,2009 BMR September,2009-bmr-september,https://texasbandmasters.org/wp-content/uploads/2023/11/2009-09-lautzenheiser.pdf,https://texasbandmasters.org/document-library/
8502,The Pocket Guide to Teaching Trombone,Pedagogy-Brass,pedagogy-brass-2,,2017 BMR December,2017-bmr-december,https://texasbandmasters.org/wp-content/uploads/2023/11/2017-12-scott.pdf,https://texasbandmasters.org/document-library/
7959,The Power of Inclusion,General,general,,2020 BMR December,2020-bmr-december,https://texasbandmasters.org/wp-content/uploads/2023/11/2020_12_loyde.pdf,https://texasbandmasters.org/document-library/
11792,The Power of Movement: Elevating Musical Expression Beyond the Marching Field,Marching Band,marching-band,"Courtney Allyson-Mills , Michael Rosales",2025 TBA Handout,2025-tba-handout,https://texasbandmasters.org/wp-content/uploads/2026/01/The-Power-of-Movement-Elevating-Musical-Expression-Beyond-the-Marching-Field-Clinicians-Courtney-Allyson-Mills-Michael-Rosales.pdf,https://texasbandmasters.org/document-library/
8033,"The Power of Planning: Why Planning Daily, Weekly, Monthly, and Yearly Helps Your Program Stay on Track for Your Year-end Goals",Program Management,program-management,,2023 TBA Handout,2023-tba-handout,https://texasbandmasters.org/wp-content/uploads/2023/10/2023_barrera.pdf,https://texasbandmasters.org/document-library/
9066,The Process of Purchasing New Uniforms,Program Management,program-management,,2014 TBA Handout,2014-tba-handout,https://texasbandmasters.org/wp-content/uploads/2023/11/Mast-Sabach-The-Process-of-Purchasing-New-Uniforms.pdf,https://texasbandmasters.org/document-library/
11866,The Pursuit of Harmony: Building Healthy Habits for the Band Directing Marathon,Health/Wellness,health-wellness,"Chris Yee , Garth , Nils Gundersen",2025 TBA Handout,2025-tba-handout,https://texasbandmasters.org/wp-content/uploads/2026/01/The-Pursuit-of-Harmony-Building-Healthy-Habits-for-the-Band-Directing-Marathon-Clinicians-Garth-Gundersen-Nils-Gundersen-Chris-Yee.pdf,https://texasbandmasters.org/document-library/
12087,The Real Heroes,Motivation/Inspiration,motivation-inspiration,Lieutenant Colonel Michael D. Pyatt,2004 BMR March,2004-bmr-march,https://texasbandmasters.org/wp-content/uploads/2023/11/2004-03-pyatt1.pdf,https://texasbandmasters.org/document-library/
9724,The Real Key to True Leadership,Motivation/Inspiration,motivation-inspiration,,2007 BMR June,2007-bmr-june,https://texasbandmasters.org/wp-content/uploads/2023/11/2007-06-lautzenheiser1.pdf,https://texasbandmasters.org/document-library/
9322,The Region Band Clinician: Strategies For Success!,General,general,,2012 TBA Handout,2012-tba-handout,https://texasbandmasters.org/wp-content/uploads/2023/11/2012_owens.pdf,https://texasbandmasters.org/document-library/
8131,The Ripple Effect,Program Management,program-management,,2022 BMR September,2022-bmr-september,https://texasbandmasters.org/wp-content/uploads/2023/10/2022_9_allend.pdf,https://texasbandmasters.org/document-library/
12088,The Sax is NOT a Clarinet!,Pedagogy-Woodwind,pedagogy-woodwind-2,Rhett Bender,2004 BMR March,2004-bmr-march,https://texasbandmasters.org/wp-content/uploads/2023/11/2004-03-bender1.pdf,https://texasbandmasters.org/document-library/
9384,The Saxophone From “Bach to Bop”,Pedagogy-Woodwind,pedagogy-woodwind-2,,2011 BMR March,2011-bmr-march,https://texasbandmasters.org/wp-content/uploads/2023/11/2011-03-eckert.pdf,https://texasbandmasters.org/document-library/
8607,The Saxophone from Bach to Bop,Pedagogy-Woodwind,pedagogy-woodwind-2,,2017 TBA Handout,2017-tba-handout,https://texasbandmasters.org/wp-content/uploads/2023/11/Eckert-Joe-Tha-Saxohpne-from-Bach-to-Bop.pdf,https://texasbandmasters.org/document-library/
9431,The Saxophone from Bach to Bop,Pedagogy-Woodwind,pedagogy-woodwind-2,,2011 TBA Handout,2011-tba-handout,https://texasbandmasters.org/wp-content/uploads/2023/11/2011_eckert.pdf,https://texasbandmasters.org/document-library/
9814,The Saxophone: The Easiest Instrument to Play…Badly,Pedagogy-Woodwind,pedagogy-woodwind-2,,2006 BMR March,2006-bmr-march,https://texasbandmasters.org/wp-content/uploads/2023/11/2006-03-bryan1.pdf,https://texasbandmasters.org/document-library/
8034,The Secret to Establishing a Fundamentally Fabulous Flute Section,Pedagogy-Woodwind,pedagogy-woodwind-2,,2023 TBA Handout,2023-tba-handout,https://texasbandmasters.org/wp-content/uploads/2023/10/2023_kalisek.pdf,https://texasbandmasters.org/document-library/
7871,The Set of the Sail,Motivation/Inspiration,motivation-inspiration,,2021 BMR December,2021-bmr-december,https://texasbandmasters.org/wp-content/uploads/2023/11/2021_12_lautzenheiser.pdf,https://texasbandmasters.org/document-library/
8863,The Seven Deadly Sins Of Music Making,Conducting/Literature/Artistry,conducting-literature-artistry,,2015 TBA Handout,2015-tba-handout,https://texasbandmasters.org/wp-content/uploads/2023/11/2015_floyd.pdf,https://texasbandmasters.org/document-library/
8908,The Seven Deadly Sins of Music Making,Pedagogy,pedagogy,,2015 BMR June,2015-bmr-june,https://texasbandmasters.org/wp-content/uploads/2023/11/2015_june_floyd.pdf,https://texasbandmasters.org/document-library/
7979,The Six Stages of Coronavirus Grief,Health/Wellness,health-wellness,,2020 BMR September,2020-bmr-september,https://texasbandmasters.org/wp-content/uploads/2023/11/2020_09_scott.pdf,https://texasbandmasters.org/document-library/
12342,The Summer Advantage: Off-Season Strategies for Band Program Growth,Recruiting/Retention,recruiting-retention,Kathy Johnson,2026 BMR April,2026-bmr-april,,https://texasbandmasters.org/document-library/
8474,The Three E’s of Rehearsal: Better Ways to Work Your Band,Featured Clinician,featured-clinician,,2018 TBA Handout,2018-tba-handout,https://texasbandmasters.org/wp-content/uploads/2023/11/The-Three-E-s-of-Rehearsal-Better-Ways-to-Work-Your-Band-Richard-Floyd.pdf,https://texasbandmasters.org/document-library/
7881,The Three Pillars of Student Leadership,Student Leadership,student-leadership,,2021 BMR June,2021-bmr-june,https://texasbandmasters.org/wp-content/uploads/2023/11/2021_6_montgomery.pdf,https://texasbandmasters.org/document-library/
8380,The Top 10 Things To Do Right Now To Clean Your Marching Band,Marching Band,marching-band,,2018 BMR September,2018-bmr-september,https://texasbandmasters.org/wp-content/uploads/2023/11/2018-09-chreste.pdf,https://texasbandmasters.org/document-library/
7830,The Total Band Program,Program Management,program-management,,2021 TBA Handout,2021-tba-handout,https://texasbandmasters.org/wp-content/uploads/2023/11/2021_Drinkwater.pdf,https://texasbandmasters.org/document-library/
8504,The Trilogy of Successful Educators,Motivation/Inspiration,motivation-inspiration,,2017 BMR December,2017-bmr-december,https://texasbandmasters.org/wp-content/uploads/2023/11/2017-12-lautzenheiser.pdf,https://texasbandmasters.org/document-library/
9630,The True Meaning of Victory,Motivation/Inspiration,motivation-inspiration,,2008 BMR March,2008-bmr-march,https://texasbandmasters.org/wp-content/uploads/2023/11/2008-03-lautzenheiser1.pdf,https://texasbandmasters.org/document-library/
8774,"The Tuba Whisperer: Tuba Recruiting, Fundamentals, and All-level Brass Pedagogy",Pedagogy-Brass,pedagogy-brass-2,,2016 TBA Handout,2016-tba-handout,https://texasbandmasters.org/wp-content/uploads/2023/11/Dunham-The-Tuba-Whisperer.pdf,https://texasbandmasters.org/document-library/
8061,THE TUNING TACKLE BOX: Reeling-In Your Horn Section’s Intonation,Pedagogy-Brass,pedagogy-brass-2,,2023 BMR January,2023-bmr-january,https://texasbandmasters.org/wp-content/uploads/2023/10/2023_1_houghton_nye.pdf,https://texasbandmasters.org/document-library/
9792,The Two-Phase Breath,Pedagogy-Brass,pedagogy-brass-2,,2006 BMR December,2006-bmr-december,https://texasbandmasters.org/wp-content/uploads/2023/11/2006-12-adams1.pdf,https://texasbandmasters.org/document-library/
9991,"The Ugly, Bad and Good of Retirement Investing!",Health/Wellness,health-wellness,,2005 TBA Handout,2005-tba-handout,https://texasbandmasters.org/wp-content/uploads/2023/11/2005-vaughn1.pdf,https://texasbandmasters.org/document-library/
9121,"The Unique Demands on the Marching Musician: When to watch, when to listen, and how to make it work",Marching Band,marching-band,,2013 BMR September,2013-bmr-september,https://texasbandmasters.org/wp-content/uploads/2023/11/2013-09-reed.pdf,https://texasbandmasters.org/document-library/
9632,The Use of Recorded Accompaniment As a Determinative Factor,General,general,,2008 BMR March,2008-bmr-march,https://texasbandmasters.org/wp-content/uploads/2023/11/2008-03-ricketts1.pdf,https://texasbandmasters.org/document-library/
9478,The Value of One,Motivation/Inspiration,motivation-inspiration,,2010 BMR September,2010-bmr-september,https://texasbandmasters.org/wp-content/uploads/2023/11/2010-09-gilmore.pdf,https://texasbandmasters.org/document-library/
10670,The Vandegrift Drum Line: A Behind the Scenes look at the Vandegrift Percussion Section,Marching Percussion,marching-percussion-2,,2024 TBA Handout,2024-tba-handout,https://texasbandmasters.org/wp-content/uploads/2024/08/The-Vandegrift-Drum-Line-A-Behind-the-Scenes-look-at-the-Vandegrift-Percussion-Section.pdf,https://texasbandmasters.org/document-library/
11954,The View from the Podium,General,general,"Cindy Bulloch , Cindy Lansford , Tye Ann Payne",2003 TBA Handout,2003-tba-handout,https://texasbandmasters.org/wp-content/uploads/2026/01/2003-payne1.pdf,https://texasbandmasters.org/document-library/
11766,The Wand Chooses the Wizard: Instrument Fitting for Muggles,Beginner Band,beginner-band,"Allyson Whitsitt , Chris Eaton , Megan Czerwieski",2025 TBA Handout,2025-tba-handout,https://texasbandmasters.org/wp-content/uploads/2026/01/The-Wand-Chooses-the-Wizard-Instrument-Fitting-for-Muggles-Clinicians-Megan-Czerwieski-Chris-Eaton-Allyson-Whitsitt.pdf,https://texasbandmasters.org/document-library/
9802,The WHY of It All,Motivation/Inspiration,motivation-inspiration,,2006 BMR June,2006-bmr-june,https://texasbandmasters.org/wp-content/uploads/2023/11/2006-06-lautzenheiser1.pdf,https://texasbandmasters.org/document-library/
8035,The Winds of Siam: a Cross Cultural Experience for Bands,Conducting/Literature/Artistry,conducting-literature-artistry,,2023 TBA Handout,2023-tba-handout,https://texasbandmasters.org/wp-content/uploads/2023/10/2023_fisher.pdf,https://texasbandmasters.org/document-library/
10672,There is ALWAYS a Fire!,Program Management,program-management,,2024 TBA Handout,2024-tba-handout,https://texasbandmasters.org/wp-content/uploads/2024/08/There-is-ALWAYS-a-Fire.pdf,https://texasbandmasters.org/document-library/
12120,Things I Wish I Had Known Years Ago (Experience Is Something You Don’t Get Until Just After You Need It!!!),General,general,Paula Crider,2004 TBA Handout,2004-tba-handout,https://texasbandmasters.org/wp-content/uploads/2023/11/2004-crider1.pdf,https://texasbandmasters.org/document-library/
11715,Things to Know About Woodwind Equipment,Pedagogy-Woodwind,pedagogy-woodwind-2,Fred J. Allen,2024 BMR September,2024-bmr-september,https://texasbandmasters.org/wp-content/uploads/2026/01/2024_9_Allen.pdf,https://texasbandmasters.org/document-library/
8609,Things Will Get as Good as You Can Stand: Self Care Tips for Busy Band Directors,Health/Wellness,health-wellness,,2017 TBA Handout,2017-tba-handout,https://texasbandmasters.org/wp-content/uploads/2023/11/McBryde-Darla-Things-Will-Get-as-Good-as-You-Can-Stand-Self-Care-Tips-for-Busy-Band-Directors.pdf,https://texasbandmasters.org/document-library/
9533,Thinking About Music,Conducting/Literature/Artistry,conducting-literature-artistry,,2010 TBA Handout,2010-tba-handout,https://texasbandmasters.org/wp-content/uploads/2023/11/2010-mcinturf.pdf,https://texasbandmasters.org/document-library/
8691,Thirty-three Ways to Improve Your Beginner Trombone Class,Beginner Band-Brass,beginner-band-brass-2,,2016 BMR September,2016-bmr-september,https://texasbandmasters.org/wp-content/uploads/2023/11/2016-09-dixon.pdf,https://texasbandmasters.org/document-library/
11920,"This Little Light of Mine, I’m Gonna Let it Shine",Motivation/Inspiration,motivation-inspiration,"Ronnie Rios , Treasurer",2026 BMR January,2026-bmr-january,https://texasbandmasters.org/wp-content/uploads/2026/01/2026_1_Rios.pdf,https://texasbandmasters.org/document-library/
7981,This Too Shall Pass,Motivation/Inspiration,motivation-inspiration,,2020 BMR September,2020-bmr-september,https://texasbandmasters.org/wp-content/uploads/2023/11/2020_09_morrison.pdf,https://texasbandmasters.org/document-library/
9904,Thoughts About College Auditions,General,general,,2005 BMR March,2005-bmr-march,https://texasbandmasters.org/wp-content/uploads/2023/11/2005-03-lacy1.pdf,https://texasbandmasters.org/document-library/
8366,Thoughts From Larry Livingston,Motivation/Inspiration,motivation-inspiration,,2018 BMR June,2018-bmr-june,https://texasbandmasters.org/wp-content/uploads/2023/11/2018-06-livingston.pdf,https://texasbandmasters.org/document-library/
9558,Thoughts On Teaching Sight Reading On Mallet Percussion Instruments,Pedagogy-Percussion,pedagogy-percussion-2,,2009 BMR June,2009-bmr-june,https://texasbandmasters.org/wp-content/uploads/2023/11/2009-06-collison.pdf,https://texasbandmasters.org/document-library/
9433,Three Dimensional Marching Band: Techniques for Effective Musical and Visual Performance,Marching Band,marching-band,,2011 TBA Handout,2011-tba-handout,https://texasbandmasters.org/wp-content/uploads/2023/11/2011_johnson_1.pdf,https://texasbandmasters.org/document-library/
8476,Three Essentials for Young Band Directors,Health/Wellness,health-wellness,,2018 TBA Handout,2018-tba-handout,https://texasbandmasters.org/wp-content/uploads/2023/11/Three-Essentials-for-Young-Band-Directors-Enriquez-Fehr-Speziale-Simon-Vereen.pdf,https://texasbandmasters.org/document-library/
9221,Three Steps to Renewing Your Passion,Motivation/Inspiration,motivation-inspiration,,2012 BMR April,2012-bmr-april,https://texasbandmasters.org/wp-content/uploads/2023/11/2012-04-gilmore.pdf,https://texasbandmasters.org/document-library/
7832,Tidbits and Ideas for Pouring a Strong Foundation in Beginning Band,Beginner Band,beginner-band,,2021 TBA Handout,2021-tba-handout,https://texasbandmasters.org/wp-content/uploads/2023/11/2021_AllisonRivera.pdf,https://texasbandmasters.org/document-library/
11868,"Time to Open that Door – Yes, Jazz Ensemble Everyone",Jazz,jazz,Ronnie Rios,2025 TBA Handout,2025-tba-handout,https://texasbandmasters.org/wp-content/uploads/2026/01/Time-to-Open-that-Door-Yes-Jazz-Ensemble-Everyone-Clinician-Ronnie-Rios.pdf,https://texasbandmasters.org/document-library/
9324,"Tips for a Successful Region Band Experience From Start to Finish! Three Perspectives: Student, Teacher, Clinician",General,general,,2012 TBA Handout,2012-tba-handout,https://texasbandmasters.org/wp-content/uploads/2023/11/2012_lansford.pdf,https://texasbandmasters.org/document-library/
8611,Tips for Efficient Score Study When You are Short on Time,Conducting/Literature/Artistry,conducting-literature-artistry,,2017 TBA Handout,2017-tba-handout,https://texasbandmasters.org/wp-content/uploads/2023/11/Muncey-Christy-Tips-for-Efficient-Score-Study-When-You-are-Short-on-Time.pdf,https://texasbandmasters.org/document-library/
7897,Tips for New Band Parents: Helping Your Child Practice,Beginner Band,beginner-band,,2021 BMR September,2021-bmr-september,https://texasbandmasters.org/wp-content/uploads/2023/11/2021_9_harrell.pdf,https://texasbandmasters.org/document-library/
8865,Tips for Producing a Successful Middle School Band Program Top to Bottom,General,general,,2015 TBA Handout,2015-tba-handout,https://texasbandmasters.org/wp-content/uploads/2023/11/2015_allison.pdf,https://texasbandmasters.org/document-library/
9068,Tips for Quick and Easy Instrument Repair,Program Management,program-management,,2014 TBA Handout,2014-tba-handout,https://texasbandmasters.org/wp-content/uploads/2023/11/Frushour-Tips-for-Quick-and-Easy-Inst-Repair.pdf,https://texasbandmasters.org/document-library/
8776,Tips for Teaching the Beginning Flutist,Beginner Band-Woodwind,beginner-band-woodwind-2,,2016 TBA Handout,2016-tba-handout,https://texasbandmasters.org/wp-content/uploads/2023/11/Allison-Cook-Cooley-Tips-for-Teaching-the-Beginning-Flutist.pdf,https://texasbandmasters.org/document-library/
9070,Tips for the Sight-Reading Room from the Composer’s Perspective,Composer,composer,,2014 TBA Handout,2014-tba-handout,https://texasbandmasters.org/wp-content/uploads/2023/11/Owens-Tips-for-the-Sight-Reading-Room.pdf,https://texasbandmasters.org/document-library/
7899,Tips for Your Beginner Flute Class,Beginner Band-Woodwind,beginner-band-woodwind-2,,2021 BMR September,2021-bmr-september,https://texasbandmasters.org/wp-content/uploads/2023/11/2021_9_clark.pdf,https://texasbandmasters.org/document-library/
8036,Title I School Band Success is a Team Effort,Title I,title-i,,2023 TBA Handout,2023-tba-handout,https://texasbandmasters.org/wp-content/uploads/2023/10/2023_cardenas.pdf,https://texasbandmasters.org/document-library/
9726,To Heck with the Judges…Let’s Talk About the MUSIC,Conducting/Literature/Artistry,conducting-literature-artistry,,2007 BMR June,2007-bmr-june,https://texasbandmasters.org/wp-content/uploads/2023/11/2007-06-crider1.pdf,https://texasbandmasters.org/document-library/
8037,Toes Up! Elevate Your Small School Marching Band,Marching Band,marching-band,,2023 TBA Handout,2023-tba-handout,https://texasbandmasters.org/wp-content/uploads/2023/10/2023_sims.pdf,https://texasbandmasters.org/document-library/
7851,TonalEnergy: Three Ways to Integrate the TE Met into Your 21-22 Curriculum,Technology,technology,,2021 BMR April,2021-bmr-april,https://texasbandmasters.org/wp-content/uploads/2023/11/2021_4_vela.pdf,https://texasbandmasters.org/document-library/
8288,Tone Centering For Trumpet,Pedagogy-Brass,pedagogy-brass-2,,2019 BMR June,2019-bmr-june,https://texasbandmasters.org/wp-content/uploads/2023/11/2019_06_adams-1.pdf,https://texasbandmasters.org/document-library/
9906,Too Many Percussionists or Not Enough Parts: Solutions to an Old Problem,Pedagogy-Percussion,pedagogy-percussion-2,,2005 BMR March,2005-bmr-march,https://texasbandmasters.org/wp-content/uploads/2023/11/2005-03-barton1.pdf,https://texasbandmasters.org/document-library/
8237,Top Ten Secrets For Teaching Horn,Pedagogy-Brass,pedagogy-brass-2,,2019 TBA Handout,2019-tba-handout,https://texasbandmasters.org/wp-content/uploads/2023/11/Top-Ten-Secrets-For-Teaching-Horn-Karen-Houghton-Janet-Nye.pdf,https://texasbandmasters.org/document-library/
8615,Top Ten Techniques To Help Band Directors Create A Winning Flute/Piccolo Section,Pedagogy-Woodwind,pedagogy-woodwind-2,,2017 TBA Handout,2017-tba-handout,https://texasbandmasters.org/wp-content/uploads/2023/11/Harris-Tracy-Top-Ten-Techniques-To-Help-Band-Directors-Create-A-Winning-Flute-Piccolo-Section.pdf,https://texasbandmasters.org/document-library/
8910,Total Program Success,General,general,,2015 BMR June,2015-bmr-june,https://texasbandmasters.org/wp-content/uploads/2023/11/2015_june_young.pdf,https://texasbandmasters.org/document-library/
9072,Tradition-Thoughts Regarding Military Style Marching Band,Marching Band,marching-band,,2014 TBA Handout,2014-tba-handout,https://texasbandmasters.org/wp-content/uploads/2023/11/2014_rhea.pdf,https://texasbandmasters.org/document-library/
11755,Training Student Leaders for Lasting Impact,Student Leadership,student-leadership,Jeremy Spicer,2025 BMR April,2025-bmr-april,https://texasbandmasters.org/wp-content/uploads/2026/01/2025_4_Spicer.pdf,https://texasbandmasters.org/document-library/
8867,Transcending Pedagogy: A Composer?s Perspective,Composer,composer,,2015 TBA Handout,2015-tba-handout,https://texasbandmasters.org/wp-content/uploads/2023/11/2015_ticheli.pdf,https://texasbandmasters.org/document-library/
10674,Transform Your Student’s Region Prep with Beam,Technology,technology,,2024 TBA Handout,2024-tba-handout,https://texasbandmasters.org/wp-content/uploads/2024/08/Transform-Your-Student-s-Region-Prep-with-Beam.pdf,https://texasbandmasters.org/document-library/
9204,Transformation: Living Expressively Among the Symbols While Influencing Lives,Conducting/Literature/Artistry; Featured Clinician,conducting-literature-artistry; featured-clinician,,2013 TBA Handout,2013-tba-handout,https://texasbandmasters.org/wp-content/uploads/2023/11/2013_corporon.pdf,https://texasbandmasters.org/document-library/
12119,Transforming the Honkophonist into a Saxophonist,Pedagogy-Woodwind,pedagogy-woodwind-2,Don LeFevre,2004 TBA Handout,2004-tba-handout,https://texasbandmasters.org/wp-content/uploads/2023/11/2004-lefevre.pdf,https://texasbandmasters.org/document-library/
9908,Transition Tips: Challenges for the New Band Director,General,general,,2005 BMR March,2005-bmr-march,https://texasbandmasters.org/wp-content/uploads/2023/11/2005-03-weisberg1.pdf,https://texasbandmasters.org/document-library/
9205,"Traps, Tricks, Tools and Techniques",Pedagogy-Ensemble,pedagogy-ensemble-2,,2013 TBA Handout,2013-tba-handout,https://texasbandmasters.org/wp-content/uploads/2023/11/2013_yancey.pdf,https://texasbandmasters.org/document-library/
8869,Trombone 101,Pedagogy-Brass,pedagogy-brass-2,,2015 TBA Handout,2015-tba-handout,https://texasbandmasters.org/wp-content/uploads/2023/11/2015_black.pdf,https://texasbandmasters.org/document-library/
8239,Trombone 2020: Creating a Culture of Success for the Modern Beginning Trombonist,Beginner Band-Brass,beginner-band-brass-2,,2019 TBA Handout,2019-tba-handout,https://texasbandmasters.org/wp-content/uploads/2023/11/Trombone-2020-Creating-a-Culture-of-Success-for-the-Modern-Beginning-Trombonist-Jason-Harvey-Joe-Dixon.pdf,https://texasbandmasters.org/document-library/
9612,"Trombone Slide Action: Beauty of Movement, Beauy of Sound",Pedagogy-Brass,pedagogy-brass-2,,2008 BMR December,2008-bmr-december,https://texasbandmasters.org/wp-content/uploads/2023/11/2008-12-dixon.pdf,https://texasbandmasters.org/document-library/
10676,Trombone Toolbox: Essential Strategies,Beginner Band-Brass,beginner-band-brass-2,,2024 TBA Handout,2024-tba-handout,https://texasbandmasters.org/wp-content/uploads/2024/08/Trombone-Toolbox-Essential-Strategies.pdf,https://texasbandmasters.org/document-library/
11717,Trombone Toolbox: Essential Strategies,Pedagogy-Brass,pedagogy-brass-2,"Jason Harvey , Kyle Wiechmann , Ross Patterson",2024 BMR September,2024-bmr-september,https://texasbandmasters.org/wp-content/uploads/2026/01/2024_9_Patterson_Harvey_Wiechmann.pdf,https://texasbandmasters.org/document-library/
9232,Trumpet Fundamentals: A Comprehensive Guide to Starting Them Right and Keeping Them Right,Beginner Band-Brass; Pedagogy-Brass,beginner-band-brass-2; pedagogy-brass-2,,2012 BMR December,2012-bmr-december,https://texasbandmasters.org/wp-content/uploads/2023/11/2012-12-strieder.pdf,https://texasbandmasters.org/document-library/
9326,Trumpet Fundamentals: A Comprehensive Guide to Starting Them Right and Keeping Them Right,Beginner Band-Brass; Pedagogy-Brass,beginner-band-brass-2; pedagogy-brass-2,,2012 TBA Handout,2012-tba-handout,https://texasbandmasters.org/wp-content/uploads/2023/11/2012_strieder.pdf,https://texasbandmasters.org/document-library/
8038,Tuba -“It’s a Different Animal”,Pedagogy-Brass,pedagogy-brass-2,,2023 TBA Handout,2023-tba-handout,https://texasbandmasters.org/wp-content/uploads/2023/10/2023_kidwell.pdf,https://texasbandmasters.org/document-library/
11772,Tuba or Not Tuba: A Guide to Beginner Euphonium and Tuba,Beginner Band-Brass,beginner-band-brass-2,"David Hummel , Rebecca Cannon , Sarah Ayoub",2025 TBA Handout,2025-tba-handout,https://texasbandmasters.org/wp-content/uploads/2026/01/Tuba-or-Not-Tuba-A-Guide-to-Beginner-Euphonium-and-Tuba-Clinicians-Sarah-Ayoub-Rebecca-Cannon-David-Hummel.pdf,https://texasbandmasters.org/document-library/
8368,Tuneful Teaching,Pedagogy,pedagogy,,2018 BMR June,2018-bmr-june,https://texasbandmasters.org/wp-content/uploads/2023/11/2018-06-floyd.pdf,https://texasbandmasters.org/document-library/
9691,Tuning and Creative Use of Marching Percussion,Marching Percussion,marching-percussion-2,,2008 TBA Handout,2008-tba-handout,https://texasbandmasters.org/wp-content/uploads/2023/11/2008-ragsdale1.pdf,https://texasbandmasters.org/document-library/
9239,Tuning for the Ensemble: Tips for Better Marching Percussion Tuning,Marching Percussion,marching-percussion-2,,2012 BMR June,2012-bmr-june,https://texasbandmasters.org/wp-content/uploads/2023/11/2012-06-bailey.pdf,https://texasbandmasters.org/document-library/
9624,Tuning Tactics,Pedagogy,pedagogy,,2008 BMR June,2008-bmr-june,https://texasbandmasters.org/wp-content/uploads/2023/11/2008-06-sanborn1.pdf,https://texasbandmasters.org/document-library/
9535,Tuning Your Band in Short Rehearsals,Pedagogy-Ensemble,pedagogy-ensemble-2,,2010 TBA Handout,2010-tba-handout,https://texasbandmasters.org/wp-content/uploads/2023/11/2010-royall.pdf,https://texasbandmasters.org/document-library/
9693,Turn a Struggling Program Around in 12 Weeks,General,general,,2008 TBA Handout,2008-tba-handout,https://texasbandmasters.org/wp-content/uploads/2023/11/2008-kemmitzherrera1.pdf,https://texasbandmasters.org/document-library/
7873,Turning Your Booster Mess into A Thriving Success,Boosters,boosters,,2021 BMR December,2021-bmr-december,https://texasbandmasters.org/wp-content/uploads/2023/11/2021_12_vandewalker.pdf,https://texasbandmasters.org/document-library/
8686,Two Million Reasons Why Marching Band Kids Are So Responsible,Marching Band,marching-band,,2016 BMR June,2016-bmr-june,https://texasbandmasters.org/wp-content/uploads/2023/11/2016-06-gribble.pdf,https://texasbandmasters.org/document-library/
9207,U.I.L. S.O.S.! Strategies for Successful Performances,Pedagogy-Ensemble,pedagogy-ensemble-2,,2013 TBA Handout,2013-tba-handout,https://texasbandmasters.org/wp-content/uploads/2023/11/2013_wilson.pdf,https://texasbandmasters.org/document-library/
9776,UIL Booster Guidelines for Band Directors,Boosters,boosters,,2007 TBA Handout,2007-tba-handout,https://texasbandmasters.org/wp-content/uploads/2023/11/2007-strickland1.pdf,https://texasbandmasters.org/document-library/
8241,Understanding the Teacher Retirement System and How to Prepare,Health/Wellness,health-wellness,,2019 TBA Handout,2019-tba-handout,https://texasbandmasters.org/wp-content/uploads/2023/11/Understanding-the-Teacher-Retirement-System-and-How-to-Prepare-Charlie-Munsell.pdf,https://texasbandmasters.org/document-library/
9209,"Unique Demands on the Marching Musician: When to Watch, When to Listen, and How to Make It Work",Marching Band,marching-band,,2013 TBA Handout,2013-tba-handout,https://texasbandmasters.org/wp-content/uploads/2023/11/2013_ward_reed_troyka.pdf,https://texasbandmasters.org/document-library/
9910,United ISD Band Programs: Achieving Success in a Multicultural Environment,Title I,title-i,,2005 BMR March,2005-bmr-march,https://texasbandmasters.org/wp-content/uploads/2023/11/2005-03-vera1.pdf,https://texasbandmasters.org/document-library/
8939,Unlocking the Secrets of Saxophone Articulation,Pedagogy-Woodwind,pedagogy-woodwind-2,,2014 BMR April,2014-bmr-april,https://texasbandmasters.org/wp-content/uploads/2023/11/2014-04-allen.pdf,https://texasbandmasters.org/document-library/
9211,Up Periscope: Utilizing Telescopic Hearing to Connect to People Through Music,Featured Clinician,featured-clinician,,2013 TBA Handout,2013-tba-handout,https://texasbandmasters.org/wp-content/uploads/2023/11/2013_corporon.pdf,https://texasbandmasters.org/document-library/
9109,Upgrade Your Ensemble by Strengthening Your Clarinet Section,Pedagogy-Woodwind,pedagogy-woodwind-2,,2013 BMR June,2013-bmr-june,https://texasbandmasters.org/wp-content/uploads/2023/11/2013-06-fabrizio.pdf,https://texasbandmasters.org/document-library/
11757,Use of Amplification & Electronic Enhancement of Band Sonority,Marching Band,marching-band,Richard Saucedo,2025 BMR April,2025-bmr-april,https://texasbandmasters.org/wp-content/uploads/2026/01/2025_4_Saucedo.pdf,https://texasbandmasters.org/document-library/
11719,Using AI To Become a Better Musician,Technology,technology,Dr. Jim Frankel,2024 BMR September,2024-bmr-september,https://texasbandmasters.org/wp-content/uploads/2026/01/2024_9_Frankel.pdf,https://texasbandmasters.org/document-library/
9993,Using Chorale-style Solfeggio to Teach Harmonic Progression,Pedagogy-Ensemble,pedagogy-ensemble-2,,2005 TBA Handout,2005-tba-handout,https://texasbandmasters.org/wp-content/uploads/2023/11/2005-ferrandino.pdf,https://texasbandmasters.org/document-library/
11742,Using Contra Clarinets in the Band,Pedagogy-Woodwind,pedagogy-woodwind-2,Fred J. Allen,2025 BMR January,2025-bmr-january,https://texasbandmasters.org/wp-content/uploads/2026/01/2025_1_Allen.pdf,https://texasbandmasters.org/document-library/
8687,Using Technology and the “Flipped Classroom” Model to Improve Student Learning,Technology,technology,,2016 BMR June,2016-bmr-june,https://texasbandmasters.org/wp-content/uploads/2023/11/2016-06-white.pdf,https://texasbandmasters.org/document-library/
8969,Using Technology to Enhance and Grow Music Programs,Technology,technology,,2014 BMR June,2014-bmr-june,https://texasbandmasters.org/wp-content/uploads/2023/11/2014-06-mlynczak.pdf,https://texasbandmasters.org/document-library/
9212,"Using Technology to Recruit, Promote, Teach, Motivate & more!",Technology,technology,,2013 TBA Handout,2013-tba-handout,https://texasbandmasters.org/wp-content/uploads/2023/11/2013_edwards_scheer_sealey.pdf,https://texasbandmasters.org/document-library/
9328,Using The Coordinate System To Teach And Clean Marching Band Drill Design,Marching Band,marching-band,,2012 TBA Handout,2012-tba-handout,https://texasbandmasters.org/wp-content/uploads/2023/11/2012_rogers.pdf,https://texasbandmasters.org/document-library/
8039,Utilize Your Strengths: Creating a Highly Effective Team of Directors,Program Management,program-management,,2023 TBA Handout,2023-tba-handout,https://texasbandmasters.org/wp-content/uploads/2023/10/2023_marquart.pdf,https://texasbandmasters.org/document-library/
8121,Utilizing Your Design Team to MAXIMIZE Implementation,Marching Band,marching-band,,2022 TBA Handout,2022-tba-handout,https://texasbandmasters.org/wp-content/uploads/2023/10/2022_robb.pdf,https://texasbandmasters.org/document-library/
7901,Value of Marching Band,Marching Band,marching-band,,2021 BMR September,2021-bmr-september,https://texasbandmasters.org/wp-content/uploads/2023/11/2021_9_kamin.pdf,https://texasbandmasters.org/document-library/
8243,"Vandegrift HS Concert Bands: Culture, Musicianship and Fundamentals",Pedagogy-Ensemble,pedagogy-ensemble-2,,2019 TBA Handout,2019-tba-handout,https://texasbandmasters.org/wp-content/uploads/2023/11/Vandegrift-HS-Concert-Bands-Culture-Musicianship-and-Fundamentals-Mike-Howard.pdf,https://texasbandmasters.org/document-library/
8871,Vertical Teaming for Student Success,General,general,,2015 TBA Handout,2015-tba-handout,https://texasbandmasters.org/wp-content/uploads/2023/11/2015_bailey.pdf,https://texasbandmasters.org/document-library/
9827,"Virtuoso: Mind, Body and Spirit in Harmony",Motivation/Inspiration,motivation-inspiration,,2006 BMR September,2006-bmr-september,https://texasbandmasters.org/wp-content/uploads/2023/11/2006-09-bittman1.pdf,https://texasbandmasters.org/document-library/
8873,Visual Enhancement or Visual Distraction? Building Your Color Guard Curriculum to Enhance Your Field Program,Marching Guard,marching-guard-2,,2015 TBA Handout,2015-tba-handout,https://texasbandmasters.org/wp-content/uploads/2023/11/2015_leonard.pdf,https://texasbandmasters.org/document-library/
9695,Voicing,Conducting/Literature/Artistry,conducting-literature-artistry,,2008 TBA Handout,2008-tba-handout,https://texasbandmasters.org/wp-content/uploads/2023/11/2008-nail1.pdf,https://texasbandmasters.org/document-library/
8040,Warm-Ups: The End is Only as Good as the Beginning!,Pedagogy-Ensemble,pedagogy-ensemble-2,,2023 TBA Handout,2023-tba-handout,https://texasbandmasters.org/wp-content/uploads/2023/10/2023_arcari.pdf,https://texasbandmasters.org/document-library/
9548,Warm-Ups: What Are They Good For?,Pedagogy,pedagogy,,2009 BMR December,2009-bmr-december,https://texasbandmasters.org/wp-content/uploads/2023/11/2009-12-vaughn.pdf,https://texasbandmasters.org/document-library/
9816,Warmup and Intonation,Pedagogy,pedagogy,,2006 BMR March,2006-bmr-march,https://texasbandmasters.org/wp-content/uploads/2023/11/2006-03-labadorf1.pdf,https://texasbandmasters.org/document-library/
7961,We Need You Now More Than Ever!,Motivation/Inspiration,motivation-inspiration,,2020 BMR December,2020-bmr-december,https://texasbandmasters.org/wp-content/uploads/2023/11/2020_12_lautzenheiser.pdf,https://texasbandmasters.org/document-library/
7983,"We Want to FORGET, but Must REMEMBER",Motivation/Inspiration,motivation-inspiration,,2020 BMR September,2020-bmr-september,https://texasbandmasters.org/wp-content/uploads/2023/11/2020_09_yee.pdf,https://texasbandmasters.org/document-library/
9778,We’ve Opend the Cases..Now What?,Beginner Band,beginner-band,,2007 TBA Handout,2007-tba-handout,https://texasbandmasters.org/wp-content/uploads/2023/11/2007-floyd1.pdf,https://texasbandmasters.org/document-library/
8122,Weaving Your Band Into the Fabric of Your Community,Small School,small-school,,2022 TBA Handout,2022-tba-handout,https://texasbandmasters.org/wp-content/uploads/2023/10/2022_cox.pdf,https://texasbandmasters.org/document-library/
9568,"Welcome Address To the Freshman Class – Boston Conservatory, Fall 2008",Motivation/Inspiration,motivation-inspiration,,2009 BMR March,2009-bmr-march,https://texasbandmasters.org/wp-content/uploads/2023/11/2009-03-paulnack.pdf,https://texasbandmasters.org/document-library/
11794,Welcome to the Circus: Unlocking Caption-Based Warmups,Marching Band,marching-band,"Bailee Moore , Brenton Marquart , Shawn McAnear",2025 TBA Handout,2025-tba-handout,https://texasbandmasters.org/wp-content/uploads/2026/01/Welcome-to-the-Circus-Unlocking-Caption-Based-Warmups-Clinicians-Shawn-McAnear-Brenton-Marquart-Bailee-Moore.pdf,https://texasbandmasters.org/document-library/
11721,Welcome to the New School Year!,Motivation/Inspiration,motivation-inspiration,Tim Lautzenheiser,2024 BMR September,2024-bmr-september,https://texasbandmasters.org/wp-content/uploads/2026/01/2024_9_Lautzenheiser.pdf,https://texasbandmasters.org/document-library/
10678,What 100 Years of Combined Experience has Taught Us About the Big Picture,General,general,,2024 TBA Handout,2024-tba-handout,https://texasbandmasters.org/wp-content/uploads/2024/08/What-100-Years-of-Combined-Experience-has-Taught-Us-About-the-Big-Picture.pdf,https://texasbandmasters.org/document-library/
8132,What A Journey!,Motivation/Inspiration,motivation-inspiration,,2022 BMR September,2022-bmr-september,https://texasbandmasters.org/wp-content/uploads/2023/10/2022_9_sandoval.pdf,https://texasbandmasters.org/document-library/
9614,What Are You Thinking?,Conducting/Literature/Artistry,conducting-literature-artistry,,2008 BMR December,2008-bmr-december,https://texasbandmasters.org/wp-content/uploads/2023/11/2008-12-brown.pdf,https://texasbandmasters.org/document-library/
9111,What Can An Updated Website Do For Your Band Program?,Technology,technology,,2013 BMR June,2013-bmr-june,https://texasbandmasters.org/wp-content/uploads/2023/11/2013-06-scheer.pdf,https://texasbandmasters.org/document-library/
7834,What Can Technology in the Band Hall Look Like?,Technology,technology,,2021 TBA Handout,2021-tba-handout,https://texasbandmasters.org/wp-content/uploads/2023/11/2021_Vela.pdf,https://texasbandmasters.org/document-library/
9578,What Did You Say?,Motivation/Inspiration,motivation-inspiration,,2009 BMR September,2009-bmr-september,https://texasbandmasters.org/wp-content/uploads/2023/11/2009-09-gilmore.pdf,https://texasbandmasters.org/document-library/
8693,What Did You Say?,Motivation/Inspiration,motivation-inspiration,,2016 BMR September,2016-bmr-september,https://texasbandmasters.org/wp-content/uploads/2023/11/2016-09-gilmore.pdf,https://texasbandmasters.org/document-library/
7985,What Do They Need?,General,general,,2020 BMR September,2020-bmr-september,https://texasbandmasters.org/wp-content/uploads/2023/11/2020_09_clements.pdf,https://texasbandmasters.org/document-library/
9099,What Does Success Mean To You?,General,general,,2013 BMR December,2013-bmr-december,https://texasbandmasters.org/wp-content/uploads/2023/11/2013-12-gilmore.pdf,https://texasbandmasters.org/document-library/
8778,What I Learned from Teachers and Mentors,Conducting/Literature/Artistry,conducting-literature-artistry,,2016 TBA Handout,2016-tba-handout,https://texasbandmasters.org/wp-content/uploads/2023/11/Whitwell-What-I-Learned-from-Teachers-and-Mentors.pdf,https://texasbandmasters.org/document-library/
9995,What I Wish I Had Known My First Year to Teach Tools for Success!,General,general,,2005 TBA Handout,2005-tba-handout,https://texasbandmasters.org/wp-content/uploads/2023/11/2005-dillard1.pdf,https://texasbandmasters.org/document-library/
11796,What Is General Effect???,Marching Band,marching-band,Richard Saucedo,2025 TBA Handout,2025-tba-handout,https://texasbandmasters.org/wp-content/uploads/2026/01/What-Is-General-Effect-Clinician-Richard-Saucedo.pdf,https://texasbandmasters.org/document-library/
9389,What Kind of Difference Does One Person Make?,Motivation/Inspiration,motivation-inspiration,,2011 BMR September,2011-bmr-september,https://texasbandmasters.org/wp-content/uploads/2023/11/2011-09-lautzenheiser.pdf,https://texasbandmasters.org/document-library/
9817,What Should a Student Teacher Learn?,General,general,,2006 BMR March,2006-bmr-march,https://texasbandmasters.org/wp-content/uploads/2023/11/2006-03-scheierman1.pdf,https://texasbandmasters.org/document-library/
7903,What Still Rings True,Motivation/Inspiration,motivation-inspiration,,2021 BMR September,2021-bmr-september,https://texasbandmasters.org/wp-content/uploads/2023/11/2021_9_gaskins.pdf,https://texasbandmasters.org/document-library/
9560,What To Do Now? Ten Things To Do To Survive The Recession,Health/Wellness,health-wellness,,2009 BMR June,2009-bmr-june,https://texasbandmasters.org/wp-content/uploads/2023/11/2009-06-vaughn.pdf,https://texasbandmasters.org/document-library/
9123,What To Do When The Performer Next To You Just Doesn’t Care?,Motivation/Inspiration,motivation-inspiration,,2013 BMR September,2013-bmr-september,https://texasbandmasters.org/wp-content/uploads/2023/11/2013-09-kick.pdf,https://texasbandmasters.org/document-library/
9997,What You Can Expect From a Middle School Player (And What They Should Expect From You),Pedagogy-Ensemble,pedagogy-ensemble-2,,2005 TBA Handout,2005-tba-handout,https://texasbandmasters.org/wp-content/uploads/2023/11/2005-brandon1.pdf,https://texasbandmasters.org/document-library/
9074,What’s Going on Back There? Teaching Beginner Euphoniums and Tubas,Beginner Band-Brass,beginner-band-brass-2,,2014 TBA Handout,2014-tba-handout,https://texasbandmasters.org/wp-content/uploads/2023/11/MirelesTeaching-Beginner-Euphoniums-and-Tubas.pdf,https://texasbandmasters.org/document-library/
8953,What’s Going On Back There?! Teaching Beginning Euphonium and Tuba,Beginner Band-Brass,beginner-band-brass-2,,2014 BMR December,2014-bmr-december,https://texasbandmasters.org/wp-content/uploads/2023/11/2014-12-mireles.pdf,https://texasbandmasters.org/document-library/
9076,What’s In Your Toolbox?,Pedagogy,pedagogy,,2014 TBA Handout,2014-tba-handout,https://texasbandmasters.org/wp-content/uploads/2023/11/Jackson-What-s-In-Your-Toolbox.pdf,https://texasbandmasters.org/document-library/
7883,What’s Next? Together Again!,General,general,,2021 BMR June,2021-bmr-june,https://texasbandmasters.org/wp-content/uploads/2023/11/2021_6_clements.pdf,https://texasbandmasters.org/document-library/
8245,What’s the Score?,Pedagogy-Ensemble,pedagogy-ensemble-2,,2019 TBA Handout,2019-tba-handout,https://texasbandmasters.org/wp-content/uploads/2023/11/Whats-the-Score-Gloria-Ramirez-Alex-Denton-Marshall-Thomas.pdf,https://texasbandmasters.org/document-library/
8506,What’s the Score?,Pedagogy,pedagogy,,2017 BMR December,2017-bmr-december,https://texasbandmasters.org/wp-content/uploads/2023/11/2017-12-ramirez.pdf,https://texasbandmasters.org/document-library/
8875,Whatsoever Things …(The Life and Teachings of John P. Paynter),Conducting/Literature/Artistry,conducting-literature-artistry,,2015 TBA Handout,2015-tba-handout,https://texasbandmasters.org/wp-content/uploads/2023/11/2015_camphouse.pdf,https://texasbandmasters.org/document-library/
9714,"When All Else Fails, Try Practicing",Pedagogy,pedagogy,,2007 BMR March,2007-bmr-march,https://texasbandmasters.org/wp-content/uploads/2023/11/2007-03-dierolf1.pdf,https://texasbandmasters.org/document-library/
9458,"When the Teacher is Ready, The Students Will Appear",Motivation/Inspiration,motivation-inspiration,,2010 BMR June,2010-bmr-june,https://texasbandmasters.org/wp-content/uploads/2023/11/2010-06-lautzenheiser.pdf,https://texasbandmasters.org/document-library/
9728,When They Are ALL Beginners: Starting a new band program in an established school,Program Management,program-management,,2007 BMR June,2007-bmr-june,https://texasbandmasters.org/wp-content/uploads/2023/11/2007-06-autry1.pdf,https://texasbandmasters.org/document-library/
9448,Where Are The Band Directors Of Tomorrow? … They Are In Your Rehearsal Rooms Today…,Motivation/Inspiration,motivation-inspiration,,2010 BMR December,2010-bmr-december,https://texasbandmasters.org/wp-content/uploads/2023/11/2010-12-lautzenheiser.pdf,https://texasbandmasters.org/document-library/
8146,Where Do I Start?,Program Management,program-management,,2022 BMR April,2022-bmr-april,https://texasbandmasters.org/wp-content/uploads/2023/10/2022_4_little.pdf,https://texasbandmasters.org/document-library/
9804,Why Can’t We Make a Perfectly Tuned Trumpet?,Pedagogy-Brass,pedagogy-brass-2,,2006 BMR June,2006-bmr-june,https://texasbandmasters.org/wp-content/uploads/2023/11/2006-06-moore1.pdf,https://texasbandmasters.org/document-library/
9794,Why Community College,General,general,,2006 BMR December,2006-bmr-december,https://texasbandmasters.org/wp-content/uploads/2023/11/2006-12-harris1.pdf,https://texasbandmasters.org/document-library/
11870,Why Teach in the Small School/ Why Stay in the Small School?,Small School,small-school,"Anna Jo Knight , Dr. Rodney Bennett , Marilyn Bennett , Matt Knight",2025 TBA Handout,2025-tba-handout,https://texasbandmasters.org/wp-content/uploads/2026/01/Why-Teach-in-the-Small-School-Clinicians-Marilyn-Bennett-Dr.-Rodney-Bennett-Anna-Jo-Knight-Matt-Knight.pdf,https://texasbandmasters.org/document-library/
8041,William D. Revelli – Print the Legend!,Featured Clinician,featured-clinician,,2023 TBA Handout,2023-tba-handout,https://texasbandmasters.org/wp-content/uploads/2023/10/2023_livingston_clinic.pdf,https://texasbandmasters.org/document-library/
12118,"With All Those Other Electives Available, How Do I Keep My Students Enrolled in Band?",Recruiting/Retention,recruiting-retention,Barbara Lambrecht,2004 TBA Handout,2004-tba-handout,https://texasbandmasters.org/wp-content/uploads/2023/11/2004-lambrecht1.pdf,https://texasbandmasters.org/document-library/
8922,Words of Wisdom for the Master Teacher,Motivation/Inspiration,motivation-inspiration,,2015 BMR September,2015-bmr-september,https://texasbandmasters.org/wp-content/uploads/2023/11/2015-09-lautzenheiser.pdf,https://texasbandmasters.org/document-library/
8675,Words of Wisdom for the Successful Leader,Motivation/Inspiration,motivation-inspiration,,2016 BMR April,2016-bmr-april,https://texasbandmasters.org/wp-content/uploads/2023/11/2016-04-lautzenheiser.pdf,https://texasbandmasters.org/document-library/
9330,Writing for the Wind Orchestra-A Life Long Passion,Composer,composer,,2012 TBA Handout,2012-tba-handout,https://texasbandmasters.org/wp-content/uploads/2023/11/2012_demeij.pdf,https://texasbandmasters.org/document-library/
9738,Yes! Saxophonists Can Double Tongue,Pedagogy-Woodwind,pedagogy-woodwind-2,,2007 BMR December,2007-bmr-december,https://texasbandmasters.org/wp-content/uploads/2023/11/2007-12-compean1.pdf,https://texasbandmasters.org/document-library/
11723,You Are Important!,Motivation/Inspiration,motivation-inspiration,Mark Saenz,2024 BMR September,2024-bmr-september,https://texasbandmasters.org/wp-content/uploads/2026/01/2024_9_Saenz.pdf,https://texasbandmasters.org/document-library/
9332,You CAN Be Successful in an Urban Band Setting,Motivation/Inspiration; Title I,motivation-inspiration; title-i,,2012 TBA Handout,2012-tba-handout,https://texasbandmasters.org/wp-content/uploads/2023/11/2012_ormide_woody.pdf,https://texasbandmasters.org/document-library/
12080,You Can Teach An Old Dog New Tricks,Marching Band,marching-band,Bill Watson,2004 BMR June,2004-bmr-june,https://texasbandmasters.org/wp-content/uploads/2023/11/2004-06-watson1.pdf,https://texasbandmasters.org/document-library/
9480,You Gotta Have Heart,Motivation/Inspiration,motivation-inspiration,,2010 BMR September,2010-bmr-september,https://texasbandmasters.org/wp-content/uploads/2023/11/2010-09-lautzenheiser.pdf,https://texasbandmasters.org/document-library/
7853,You Make a Difference!,Motivation/Inspiration,motivation-inspiration,,2021 BMR April,2021-bmr-april,https://texasbandmasters.org/wp-content/uploads/2023/11/2021_4_lautzenheiser.pdf,https://texasbandmasters.org/document-library/
9537,Young Band Directors: Why They Must Have a Mentor,General,general,,2010 TBA Handout,2010-tba-handout,https://texasbandmasters.org/wp-content/uploads/2023/11/2010-meza.pdf,https://texasbandmasters.org/document-library/
7943,"Your Band, Chamber Music, and the UIL",Conducting/Literature/Artistry,conducting-literature-artistry,,2020 TBA Handout,2020-tba-handout,https://texasbandmasters.org/wp-content/uploads/2023/11/2020_musella.pdf,https://texasbandmasters.org/document-library/
9780,Your Flute Section “Really Can” Play in Tune,Pedagogy-Woodwind,pedagogy-woodwind-2,,2007 TBA Handout,2007-tba-handout,https://texasbandmasters.org/wp-content/uploads/2023/11/2007-daniel1.pdf,https://texasbandmasters.org/document-library/
12117,Your kids. My kids. Our kids Sharing Students With Other Groups,General,general,Tony Clines,2004 TBA Handout,2004-tba-handout,https://texasbandmasters.org/wp-content/uploads/2023/11/2004-clines1.pdf,https://texasbandmasters.org/document-library/
8924,Your Way to a Successful Marching Season,Marching Band,marching-band,,2015 BMR September,2015-bmr-september,https://texasbandmasters.org/wp-content/uploads/2023/11/2015-09-gilmore.pdf,https://texasbandmasters.org/document-library/
9435,Zen and the Art of Band Director Maintenance,Featured Clinician; Motivation/Inspiration,featured-clinician; motivation-inspiration,,2011 TBA Handout,2011-tba-handout,https://texasbandmasters.org/wp-content/uploads/2023/11/2011_crider_2.pdf,https://texasbandmasters.org/document-library/
